report_id,activity_start_date,activity_end_date,branch,severity,incident_type,activity_type,activity_category,time_of_day,place,year
1,2019-06-01,2019-06-02,Seattle,Near Miss,"Hit, struck (or near miss by falling objects)",Climbing,Trip,Noon - 6pm,Snowfield Peak/Neve Glacier,2019
2,2019-07-20,2019-07-21,Everett,Minor,"Slip, trip, fall",Climbing,Trip,Noon - 6pm,Eldorado Peak/Inspiration Glacier,2019
3,2019-07-20,2019-07-22,Everett,Near Miss,"Slip, trip, fall",Climbing,Trip,6pm - Midnight,Dome Peak/Dome Glacier,2019
4,2019-07-20,2019-07-21,Everett,Minor,"Slip, trip, fall",Climbing,Trip,Noon - 6pm,Sahale Peak/Quien Sabe Glacier,2019
5,2019-07-27,2019-07-28,Seattle,Near Miss,"Slip, trip, fall",Climbing,Field trip,6am - Noon,Liberty Bell/Northwest Face,2019
6,2019-07-27,2019-07-28,Tacoma,Assistance Provided,OTHER - Please describe in Incident Narrative.,Backpacking,Trip,Noon - 6pm,Packwood Lake,2019
7,2019-07-13,2019-07-15,Everett,Near Miss,"Hit, struck (or near miss by falling objects)",Climbing,Trip,6am - Noon,Dark Peak/Dark Glacier,2019
8,2019-07-25,2019-07-26,Tacoma,Near Miss,"Slip, trip, fall",Climbing,Trip,Noon - 6pm,Mount Cruiser/Southwest Corner,2019
9,2019-07-30,2019-07-30,Seattle,Minor,OTHER - Please describe in Incident Narrative.,Day Hiking,Trip,Noon - 6pm,Little Si,2019
10,2019-08-01,2019-08-01,Olympia,Minor,"Slip, trip, fall",Day Hiking,Trip,Noon - 6pm,Spray Park,2019
11,2019-08-08,2019-08-08,Tacoma,Minor,Illness,Day Hiking,Trip,6am - Noon,Palisades Lakes,2019
12,2019-08-07,2019-08-07,Seattle,Safety Concern,OTHER - Please describe in Incident Narrative.,Day Hiking,Field trip,Noon - 6pm,Cady Ridge & Pacific Crest Trail,2019
13,2019-08-10,2019-08-11,Tacoma,Major,OTHER - Please describe in Incident Narrative.,Backpacking,Trip,6am - Noon,June Lake,2019
14,2019-07-18,2019-07-18,Seattle,Significant,"Slip, trip, fall",Canyoning,Field trip,Noon - 6pm,Change Creek,2019
15,2019-08-16,2019-08-16,Tacoma,Minor,"Slip, trip, fall",Day Hiking,Trip,Noon - 6pm,Ira Spring Trail,2019
16,2019-08-12,2019-08-12,Seattle,Near Miss,"Hit, struck (or near miss by falling objects)",Scrambling,Trip,6am - Noon,Three Way Peak,2019
17,2019-08-15,2019-08-18,Olympia,Minor,OTHER - Please describe in Incident Narrative.,Stewardship,Trip,6am - Noon,"Slab Camp Creek, Gray Wolf River & Ned Hill",2019
18,2019-08-21,2019-08-23,Tacoma,Near Miss,"Slip, trip, fall",Climbing,Trip,Noon - 6pm,North Sister/South Ridge,2019
19,2019-08-25,2019-08-25,Seattle,Minor,"Personal issues (conditioning, conduct, lack of skill)",Canyoning,Trip,Noon - 6pm,Dingford Creek,2019
20,2019-08-25,2019-08-28,Everett,Minor,"Hit, struck (or near miss by falling objects)",Climbing,Trip,Noon - 6pm,The Chilliwacks Peaks,2019
21,2019-08-26,2019-08-29,Foothills,Minor,OTHER - Please describe in Incident Narrative.,Backpacking,Trip,Noon - 6pm,Hannegan Pass,2019
22,2019-08-29,2019-08-31,Foothills,Minor,OTHER - Please describe in Incident Narrative.,Backpacking,Trip,Noon - 6pm,Mirror Lake & Tinkham Peak,2019
23,2019-09-07,2019-09-07,Tacoma,Minor,"Slip, trip, fall",Day Hiking,Trip,6am - Noon,Granite Mountain Trail,2019
24,2019-09-06,2019-09-06,Tacoma,Minor,"Slip, trip, fall",Day Hiking,Trip,Noon - 6pm,Paradise,2019
25,2019-09-06,2019-09-06,Tacoma,Minor,"Slip, trip, fall",Day Hiking,Trip,Noon - 6pm,Paradise,2019
26,2019-09-14,2019-09-15,Tacoma,Minor,"Logistics, equipment issues, party issues",Backpacking,Trip,Noon - 6pm,Sheep Lake & Nannie Ridge,2019
27,2019-09-14,2019-09-14,Everett,Assistance Provided,"Personal issues (conditioning, conduct, lack of skill)",Scrambling,Trip,Noon - 6pm,Coleman Pinnacle,2019
28,2019-09-14,2019-09-14,Seattle,Minor,"Slip, trip, fall",Climbing,Trip,6am - Noon,The Tooth/South Face,2019
29,2019-09-21,2019-09-21,Everett,Minor,"Slip, trip, fall",Day Hiking,Trip,6am - Noon,Barclay Lake,2019
30,2019-09-29,2019-09-29,Seattle,Minor,"Slip, trip, fall",Scrambling,Trip,Noon - 6pm,Vesper & Sperry Peaks,2019
31,2019-09-22,2019-09-22,Olympia,Minor,"Slip, trip, fall",Climbing,Field trip,6pm - Midnight,Cirque Climbing Gym,2019
32,2019-10-04,2019-10-04,Tacoma,Safety Concern,OTHER - Please describe in Incident Narrative.,Day Hiking,Trip,Noon - 6pm,"Greenwater, Echo & Lost Lakes",2019
33,2019-10-12,2019-10-12,Tacoma,Minor,"Slip, trip, fall",Day Hiking,Trip,Noon - 6pm,Talapus Lake Trail,2019
34,2019-10-12,2019-10-12,Seattle,Minor,"Hit, struck (or near miss by falling objects)",Climbing,Trip,6am - Noon,Yellowjacket Tower/East Flank,2019
35,2019-10-12,2019-10-12,Foothills,Minor,"Slip, trip, fall",Day Hiking,Trip,Noon - 6pm,Ingalls Lake,2019
36,2019-10-15,2019-10-15,Kitsap,Near Miss,"Hit, struck (or near miss by falling objects)",Youth,Youth activity,6pm - Midnight,Mountaineers Kitsap Program Center,2019
37,2019-10-18,2019-10-18,Tacoma,Minor,"Slip, trip, fall",Day Hiking,Trip,6am - Noon,Rattlesnake Ledge,2019
38,2019-10-24,2019-10-24,Olympia,Minor,"Hit, struck (or near miss by falling objects)",Climbing,Trip,6am - Noon,Pinto Rock/Bowling Alley,2019
39,2019-10-27,2019-10-27,Seattle,Minor,Illness,Day Hiking,Trip,Noon - 6pm,Mount Washington (Snoqualmie),2019
40,2019-10-27,2019-10-27,Seattle,Assistance Provided,Illness,Day Hiking,Trip,Noon - 6pm,Mount Washington (Snoqualmie),2019
41,2019-11-17,2019-11-17,Seattle,Minor,Illness,Scrambling,Trip,6am - Noon,Mount Baldy,2019
42,2019-11-24,2019-11-24,Seattle,Safety Concern,OTHER - Please describe in Incident Narrative.,Sea Kayaking,Clinic,Noon - 6pm,Lincoln Park to Blake Island,2019
43,2019-12-29,2019-12-29,Seattle,Significant,"Slip, trip, fall",Snowshoeing,Trip,6am - Noon,Commonwealth Basin,2019
44,2019-12-29,2019-12-29,Seattle,Significant,"Slip, trip, fall",Snowshoeing,Trip,6am - Noon,Commonwealth Basin,2019
45,2020-01-04,2020-01-04,Foothills,Minor,"Slip, trip, fall",Cross-country Skiing,Trip,6am - Noon,Methow Valley Winter Trails,2020
46,2019-12-29,2019-12-29,Seattle,Significant,"Slip, trip, fall",Snowshoeing,Trip,6am - Noon,Commonwealth Basin,2019
47,2020-01-08,2020-01-08,Seattle,Minor,"Slip, trip, fall",Day Hiking,Trip,6pm - Midnight,Poo Poo Point,2020
48,2020-01-08,2020-01-08,Seattle,Minor,"Slip, trip, fall",Day Hiking,Trip,6pm - Midnight,Poo Poo Point,2020
49,2020-01-11,2020-01-11,Foothills,Safety Concern,OTHER - Please describe in Incident Narrative.,Snowshoeing,Field trip,Noon - 6pm,Commonwealth Basin,2020
50,2020-01-11,2020-01-11,Foothills,Safety Concern,OTHER - Please describe in Incident Narrative.,Snowshoeing,Field trip,Noon - 6pm,Commonwealth Basin,2020
51,2020-01-11,2020-01-11,Seattle,Significant,"Slip, trip, fall",Climbing,Field trip,Noon - 6pm,Mount Walker,2020
52,2020-01-20,2020-01-20,Foothills,Significant,"Slip, trip, fall",Scrambling,Trip,6am - Noon,Bearscout Peak,2020
53,2020-01-18,2020-01-19,The Mountaineers,Near Miss,"Logistics, equipment issues, party issues","Climbing, Outdoor Leadership",Clinic,Noon - 6pm,Hyalite Canyon,2020
54,2020-01-18,2020-01-18,Olympia,Minor,"Slip, trip, fall",Cross-country Skiing,Field trip,6am - Noon,White Pass Nordic Center,2020
55,2020-01-20,2020-01-20,Foothills,Major,"Slip, trip, fall",Scrambling,Trip,6am - Noon,Bearscout Peak,2020
56,2020-01-18,2020-01-19,The Mountaineers,Safety Concern,OTHER - Please describe in Incident Narrative.,"Climbing, Outdoor Leadership",Clinic,Noon - 6pm,Hyalite Canyon,2020
57,2020-02-01,2020-02-01,Outdoor Centers,Minor,"Slip, trip, fall",Cross-country Skiing,Clinic,Noon - 6pm,Erling Stordahl,2020
58,2020-02-02,2020-02-02,Outdoor Centers,Minor,"Personal issues (conditioning, conduct, lack of skill)",Cross-country Skiing,Clinic,Noon - 6pm,Erling Stordahl,2020
59,2020-02-08,2020-02-08,Seattle,Safety Concern,"Slip, trip, fall",Climbing,Field trip,Noon - 6pm,Mountaineers Seattle Program Center,2020
60,2020-02-11,2020-02-11,Seattle,Safety Concern,OTHER - Please describe in Incident Narrative.,Scrambling,Lecture,6pm - Midnight,Mountaineers Seattle Program Center,2020
61,2020-02-08,2020-02-09,Seattle,Safety Concern,OTHER - Please describe in Incident Narrative.,Avalanche Safety,Field trip,6pm - Midnight,Baker Lodge,2020
62,2020-02-02,2020-02-08,The Mountaineers,Significant,"Hit, struck (or near miss by falling objects)","Climbing, Outdoor Leadership",Field trip,6am - Noon,Canmore,2020
63,2020-02-13,2020-02-13,Seattle,Minor,"Slip, trip, fall",Climbing,Field trip,6pm - Midnight,Mount Si Old Trail,2020
64,2020-02-22,2020-02-22,Seattle,Significant,"Slip, trip, fall",Climbing,Trip,6pm - Midnight,Chair Peak/Northeast Buttress (winter),2020
65,2020-02-29,2020-02-29,Tacoma,Minor,"Slip, trip, fall",Sea Kayaking,Trip,Noon - 6pm,Blake Island,2020
66,2020-02-29,2020-02-29,Outdoor Centers,Minor,OTHER - Please describe in Incident Narrative.,Backcountry Skiing,Clinic,Noon - 6pm,Meany Lodge,2020
67,2020-02-29,2020-02-29,Outdoor Centers,Minor,OTHER - Please describe in Incident Narrative.,Backcountry Skiing,Clinic,Noon - 6pm,Meany Lodge,2020
68,2020-02-29,2020-03-01,Seattle,Minor,"Slip, trip, fall",Youth,Youth activity,6am - Noon,Meany Lodge,2020
69,2020-03-10,2020-03-10,Seattle,Near Miss,OTHER - Please describe in Incident Narrative.,Climbing,Field trip,6pm - Midnight,Mountaineers Seattle Program Center,2020
70,2020-03-14,2020-03-14,Seattle,Safety Concern,OTHER - Please describe in Incident Narrative.,Snowshoeing,Trip,6am - Noon,Snow & Gem Lakes (Snoqualmie),2020
71,2020-03-15,2020-03-15,Foothills,Safety Concern,Illness,Day Hiking,Trip,Noon - 6pm,Rattlesnake Mountain (East),2020
72,2020-03-14,2020-03-14,Seattle,Minor,Illness,Snowshoeing,Trip,6am - Noon,Snow & Gem Lakes (Snoqualmie),2020
73,2020-06-14,2020-06-14,Tacoma,Safety Concern,"Personal issues (conditioning, conduct, lack of skill)",Day Hiking,Trip,Noon - 6pm,Rampart Ridge Loop,2020
74,2020-06-22,2020-06-23,Seattle,Minor,"Hit, struck (or near miss by falling objects)",Climbing,Trip,6am - Noon,Meany Crest,2020
75,2020-06-28,2020-06-28,Tacoma,Safety Concern,"Slip, trip, fall",Day Hiking,Trip,6am - Noon,Snoquera Falls Loop,2020
76,2020-06-27,2020-06-27,Kitsap,Safety Concern,OTHER - Please describe in Incident Narrative.,Climbing,Field trip,n/a,Green Mountain: Gold Creek Trail,2020
77,2020-06-28,2020-06-28,Tacoma,Safety Concern,"Slip, trip, fall",Day Hiking,Trip,6am - Noon,Snoquera Falls Loop,2020
78,2020-07-03,2020-07-03,Seattle,Near Miss,"Slip, trip, fall",Climbing,Trip,Noon - 6pm,Kangaroo Temple/North Face,2020
79,2020-07-05,2020-07-05,Foothills,Minor,"Slip, trip, fall",Day Hiking,Trip,Noon - 6pm,Dungeness Spit,2020
80,2020-07-07,2020-07-07,Olympia,Minor,Illness,Urban Adventure,Trip,6pm - Midnight,Priest Point Park,2020
81,2020-07-18,2020-07-19,Foothills,Safety Concern,OTHER - Please describe in Incident Narrative.,Backpacking,Field trip,6pm - Midnight,Navaho Pass & Peak,2020
82,2020-07-26,2020-07-28,Foothills,Minor,Illness,Backpacking,Trip,n/a,Sheep Lake (Chinook Pass),2020
83,2020-07-29,2020-07-29,Foothills,Minor,"Slip, trip, fall",Day Hiking,Trip,6pm - Midnight,Little Si,2020
84,2020-07-29,2020-07-29,Foothills,Minor,"Slip, trip, fall",Day Hiking,Trip,6pm - Midnight,Little Si,2020
85,2020-08-29,2020-08-29,Seattle,Minor,"Slip, trip, fall",Scrambling,Trip,6am - Noon,"Echo Rock, Observation Rock & Tillicum Point",2020
86,2020-09-19,2020-09-19,Tacoma,Safety Concern,OTHER - Please describe in Incident Narrative.,Day Hiking,Trip,6am - Noon,Granite Mountain Trail,2020
87,2020-10-03,2020-10-04,Kitsap,Near Miss,"Hit, struck (or near miss by falling objects)",Scrambling,Trip,Noon - 6pm,Mount David,2020
88,2020-10-03,2020-10-04,Kitsap,Near Miss,"Hit, struck (or near miss by falling objects)",Scrambling,Trip,Noon - 6pm,Mount David,2020
89,2020-10-17,2020-10-17,Seattle,Minor,"Hit, struck (or near miss by falling objects)",Scrambling,Trip,Noon - 6pm,Bean Creek Basin,2020
90,2020-10-17,2020-10-17,Seattle,Near Miss,OTHER - Please describe in Incident Narrative.,Scrambling,Trip,Noon - 6pm,Bean Creek Basin,2020
91,2020-10-26,2020-10-29,Tacoma,Minor,"Slip, trip, fall",Sea Kayaking,Trip,6am - Noon,San Juan Islands from Anacortes,2020
92,2020-11-03,2020-11-03,Seattle,Minor,"Slip, trip, fall",Urban Adventure,Trip,6pm - Midnight,Seattle Public Library: Central Library,2020
93,2020-12-06,2020-12-06,Tacoma,Minor,"Slip, trip, fall",Day Hiking,Trip,6am - Noon,Squak Mountain: May Valley Access,2020
94,2020-12-16,2020-12-16,Seattle,Safety Concern,OTHER - Please describe in Incident Narrative.,Sea Kayaking,Clinic,Noon - 6pm,Lake Union,2020
95,2020-12-19,2020-12-19,Seattle,Minor,Illness,Scrambling,Trip,6am - Noon,Howard Peak & Florence Peak,2020
96,2020-12-20,2020-12-20,Seattle,Safety Concern,OTHER - Please describe in Incident Narrative.,Sea Kayaking,Trip,Noon - 6pm,Central Hood Canal,2020
97,2021-01-02,2021-01-02,Foothills,Major,"Slip, trip, fall",Cross-country Skiing,Trip,6am - Noon,Erling Stordahl,2021
98,2021-01-02,2021-01-02,Foothills,Major,"Slip, trip, fall",Cross-country Skiing,Trip,6am - Noon,Erling Stordahl,2021
99,2020-10-17,2020-10-18,Seattle,Minor,OTHER - Please describe in Incident Narrative.,Climbing,Clinic,n/a,Tieton River: Royal Columns,2020
100,2021-01-02,2021-01-02,Foothills,Major,OTHER - Please describe in Incident Narrative.,Cross-country Skiing,Trip,6am - Noon,Erling Stordahl,2021
101,2021-01-09,2021-01-09,Foothills,Minor,"Personal issues (conditioning, conduct, lack of skill)",Trail Running,Trip,6am - Noon,Lord Hill Regional Park,2021
102,2021-01-16,2021-01-16,Seattle,Minor,"Personal issues (conditioning, conduct, lack of skill)",Scrambling,Trip,Noon - 6pm,Sasse Mountain & Howson Peak (winter),2021
103,2021-01-17,2021-01-17,Olympia,Major,"Slip, trip, fall",Scrambling,Trip,Noon - 6pm,Mount St. Helens/Worm Flows,2021
104,2021-01-18,2021-01-18,Seattle,Safety Concern,OTHER - Please describe in Incident Narrative.,Snowshoeing,Field trip,Noon - 6pm,"Hayak Lake, Nordic Pass, Windy Pass & Mount Catherine",2021
105,2021-01-16,2021-01-16,Everett,Minor,"Slip, trip, fall",Cross-country Skiing,Field trip,6am - Noon,Kahler Glen,2021
106,2021-01-23,2021-01-23,Seattle,Safety Concern,Illness,Scrambling,Trip,n/a,Granite Mountain Trail,2021
107,2021-01-30,2021-01-30,Seattle,Minor,OTHER - Please describe in Incident Narrative.,Scrambling,Trip,Noon - 6pm,"Unicorn, Foss, Boundary & Stevens Peaks",2021
108,2021-01-30,2021-01-30,Everett,Safety Concern,"Logistics, equipment issues, party issues",Sea Kayaking,Trip,Noon - 6pm,Marrowstone & Indian Islands,2021
109,2021-01-31,2021-01-31,Tacoma,Minor,"Slip, trip, fall",Day Hiking,Trip,6am - Noon,West Tiger Mountain 1-2-3,2021
110,2021-02-20,2021-02-20,Everett,Minor,OTHER - Please describe in Incident Narrative.,Climbing,Field trip,6am - Noon,Mountaineers Seattle Program Center,2021
111,2021-02-27,2021-02-27,Foothills,Minor,"Slip, trip, fall",Day Hiking,Trip,6am - Noon,Margaret's Way,2021
112,2021-03-06,2021-03-06,Foothills,Safety Concern,OTHER - Please describe in Incident Narrative.,Navigation,Field trip,n/a,Raging River State Forest,2021
113,2021-03-06,2021-03-06,Seattle,Minor,OTHER - Please describe in Incident Narrative.,Snowshoeing,Field trip,Noon - 6pm,Olallie/Radio Mountain,2021
114,2021-03-13,2021-03-13,Olympia,Safety Concern,OTHER - Please describe in Incident Narrative.,Day Hiking,Trip,6am - Noon,Goat Mountain & Deadman's Lake,2021
115,2021-03-13,2021-03-14,Foothills,Safety Concern,"Hit, struck (or near miss by falling objects)",Climbing,Field trip,Noon - 6pm,Tieton River: Royal Columns,2021
116,2021-03-20,2021-03-20,Olympia,Minor,Illness,Day Hiking,Trip,6am - Noon,Mount Rose,2021
117,2021-03-20,2021-03-20,Seattle,Near Miss,"Hit, struck (or near miss by falling objects)",Climbing,Trip,Noon - 6pm,Vantage (Frenchman Coulee),2021
118,2021-03-23,2021-03-23,Foothills,Safety Concern,"Logistics, equipment issues, party issues",Climbing,Lecture,6pm - Midnight,Mountaineers Seattle Program Center,2021
119,2021-03-27,2021-03-27,Olympia,Minor,"Personal issues (conditioning, conduct, lack of skill)",Day Hiking,Trip,Noon - 6pm,Hoh River Trail,2021
120,2021-03-27,2021-03-27,Olympia,Minor,"Personal issues (conditioning, conduct, lack of skill)",Day Hiking,Trip,Noon - 6pm,Hoh River Trail,2021
121,2021-04-02,2021-04-02,Tacoma,Minor,"Slip, trip, fall",Day Hiking,Trip,Noon - 6pm,"Dirty Harry's Peak, Balcony & East Balcony",2021
122,2021-03-28,2021-03-28,Tacoma,Minor,OTHER - Please describe in Incident Narrative.,Snowshoeing,Field trip,Noon - 6pm,Bullion Basin (winter),2021
123,2021-04-02,2021-04-02,Tacoma,Minor,"Slip, trip, fall",Day Hiking,Trip,Noon - 6pm,"Dirty Harry's Peak, Balcony & East Balcony",2021
124,2021-04-10,2021-04-10,Olympia,Minor,"Slip, trip, fall",Scrambling,Trip,Noon - 6pm,Sourdough Mountain (winter),2021
125,2021-04-03,2021-04-03,Olympia,Minor,"Slip, trip, fall",Scrambling,Field trip,Noon - 6pm,Paradise,2021
126,2021-04-17,2021-04-17,Tacoma,Minor,"Slip, trip, fall",Scrambling,Field trip,Noon - 6pm,SPIRE Rock,2021
127,2021-04-17,2021-04-17,Foothills,Significant,"Slip, trip, fall",Day Hiking,Trip,Noon - 6pm,"Dirty Harry's Peak, Balcony & East Balcony",2021
128,2021-04-17,2021-04-17,Foothills,Minor,"Slip, trip, fall",Day Hiking,Trip,Noon - 6pm,"Dirty Harry's Peak, Balcony & East Balcony",2021
129,2021-04-20,2021-04-20,Seattle,Safety Concern,"Logistics, equipment issues, party issues",Day Hiking,Trip,6pm - Midnight,Alki Beach Park & Alki Point,2021
130,2021-04-25,2021-04-25,Seattle,Minor,OTHER - Please describe in Incident Narrative.,Scrambling,Field trip,Noon - 6pm,Source Lake,2021
131,2021-04-24,2021-04-25,Olympia,Safety Concern,OTHER - Please describe in Incident Narrative.,Sea Kayaking,Trip,6am - Noon,San Juan Islands from Anacortes,2021
132,2021-04-10,2021-04-10,Everett,Near Miss,"Hit, struck (or near miss by falling objects)",Scrambling,Field trip,6am - Noon,Sam Hill (Leavenworth),2021
133,2021-04-24,2021-04-25,Bellingham,Near Miss,"Hit, struck (or near miss by falling objects)",Climbing,Field trip,6am - Noon,Vantage (Frenchman Coulee),2021
134,2021-04-29,2021-04-29,Seattle,Minor,"Slip, trip, fall",Scrambling,Trip,Noon - 6pm,Mount Ellinor & Mount Washington,2021
135,2021-05-01,2021-05-02,Seattle,Near Miss,"Logistics, equipment issues, party issues",Canyoning,Clinic,Noon - 6pm,Mountaineers Seattle Program Center,2021
136,2021-05-01,2021-05-01,Seattle,Significant,"Slip, trip, fall",Climbing,Field trip,6am - Noon,Leavenworth,2021
137,2021-05-09,2021-05-09,Foothills,Near Miss,"Slip, trip, fall",Scrambling,Trip,Noon - 6pm,Guye Peak/North Route,2021
138,2021-05-08,2021-05-08,Seattle,Safety Concern,"Personal issues (conditioning, conduct, lack of skill)",Scrambling,Trip,n/a,Navaho Pass & Peak,2021
139,2021-05-15,2021-05-15,Kitsap,Significant,"Hit, struck (or near miss by falling objects)",Scrambling,Trip,Noon - 6pm,Lightning Peak,2021
140,2021-05-09,2021-05-09,Foothills,Near Miss,"Slip, trip, fall",Scrambling,Trip,Noon - 6pm,Guye Peak/North Route,2021
141,2021-05-15,2021-05-15,Kitsap,Significant,"Hit, struck (or near miss by falling objects)",Scrambling,Trip,Noon - 6pm,Lightning Peak,2021
142,2021-05-08,2021-05-08,Seattle,Minor,"Personal issues (conditioning, conduct, lack of skill)",Sea Kayaking,Trip,Noon - 6pm,Lake Washington,2021
143,2021-05-01,2021-05-01,Seattle,Minor,"Slip, trip, fall",Climbing,Field trip,Noon - 6pm,Leavenworth,2021
144,2021-05-15,2021-05-16,Everett,Minor,OTHER - Please describe in Incident Narrative.,Climbing,Field trip,6am - Noon,Stevens Pass Ski Area,2021
145,2021-05-15,2021-05-16,Everett,Near Miss,"Slip, trip, fall",Climbing,Field trip,6am - Noon,Stevens Pass Ski Area,2021
146,2021-05-21,2021-05-23,Seattle,Safety Concern,"Logistics, equipment issues, party issues",Backpacking,Field trip,6pm - Midnight,North Fork Skokomish River,2021
147,2021-05-15,2021-05-15,Everett,Major,"Slip, trip, fall",Scrambling,Field trip,6am - Noon,Snoqualmie Mountain,2021
148,2021-05-22,2021-05-23,Tacoma,Significant,"Slip, trip, fall",Scrambling,Field trip,Noon - 6pm,Bean Creek Basin,2021
149,2021-05-22,2021-05-23,Tacoma,Significant,"Slip, trip, fall",Scrambling,Field trip,Noon - 6pm,Bean Creek Basin,2021
150,2021-05-22,2021-05-23,Tacoma,Minor,"Personal issues (conditioning, conduct, lack of skill)",Scrambling,Field trip,Noon - 6pm,Bean Creek Basin,2021
151,2021-05-22,2021-05-23,Tacoma,Significant,"Slip, trip, fall",Scrambling,Field trip,Noon - 6pm,Bean Creek Basin,2021
152,2021-05-29,2021-05-29,Seattle,Minor,"Slip, trip, fall",Day Hiking,Trip,Noon - 6pm,Deer Ridge,2021
153,2021-05-28,2021-05-30,Seattle,Minor,Illness,Backpacking,Field trip,6pm - Midnight,Dosewallips River/Abandoned National Park Road,2021
154,2021-05-28,2021-05-30,Seattle,Near Miss,OTHER - Please describe in Incident Narrative.,Climbing,Trip,n/a,Dark Peak/Dark Glacier,2021
155,2021-06-01,2021-06-01,Foothills,Minor,OTHER - Please describe in Incident Narrative.,Scrambling,Trip,Noon - 6pm,Denny Mountain,2021
156,2021-06-01,2021-06-01,Foothills,Near Miss,"Slip, trip, fall",Scrambling,Trip,Noon - 6pm,Denny Mountain,2021
157,2021-05-16,2021-05-16,Olympia,Minor,"Slip, trip, fall",Scrambling,Trip,Noon - 6pm,Red Mountain (Commonwealth Basin),2021
158,2021-06-02,2021-06-03,Kitsap,Minor,"Hit, struck (or near miss by falling objects)",Climbing,Trip,Noon - 6pm,Mount Cruiser/Southwest Corner,2021
159,2021-05-29,2021-05-29,Seattle,Minor,"Slip, trip, fall",Day Hiking,Trip,Noon - 6pm,Deer Ridge,2021
160,2021-04-25,2021-04-25,Kitsap,Minor,"Slip, trip, fall",Climbing,Field trip,Noon - 6pm,Tieton River: Royal Columns,2021
161,2021-06-12,2021-06-12,Seattle,Minor,"Slip, trip, fall",Climbing,Trip,Noon - 6pm,South Early Winter Spire/South Arête,2021
162,2021-06-12,2021-06-12,Everett,Near Miss,"Slip, trip, fall",Climbing,Field trip,Noon - 6pm,Leavenworth,2021
163,2021-06-12,2021-06-12,Seattle,Minor,"Slip, trip, fall",Climbing,Trip,6pm - Midnight,South Early Winter Spire/South Arête,2021
164,2021-06-20,2021-06-20,Seattle,Minor,"Slip, trip, fall",Scrambling,Trip,Noon - 6pm,Mount Ruth (Mount Rainier),2021
165,2021-06-21,2021-06-21,Foothills,Minor,OTHER - Please describe in Incident Narrative.,Trail Running,Field trip,Noon - 6pm,Discovery Park,2021
166,2021-06-20,2021-06-20,Seattle,Minor,"Slip, trip, fall",Scrambling,Trip,Noon - 6pm,Mount Ruth (Mount Rainier),2021
167,2021-06-20,2021-06-20,Seattle,Significant,OTHER - Please describe in Incident Narrative.,Canyoning,Clinic,Noon - 6pm,Change Creek,2021
168,2021-07-02,2021-07-02,Foothills,Minor,"Slip, trip, fall",Day Hiking,Trip,6am - Noon,Pacific Crest Trail: Snoqualmie Pass to Windy Pass,2021
169,2021-07-02,2021-07-03,Olympia,Minor,"Slip, trip, fall",Climbing,Trip,Noon - 6pm,Mount Shuksan/Sulphide Glacier,2021
170,2021-07-02,2021-07-03,Olympia,Minor,"Slip, trip, fall",Climbing,Trip,Noon - 6pm,Mount Shuksan/Sulphide Glacier,2021
171,2021-07-10,2021-07-10,Foothills,Minor,"Slip, trip, fall",Climbing,Trip,Noon - 6pm,The Tooth/South Face,2021
172,2021-07-10,2021-07-10,Foothills,Minor,"Slip, trip, fall",Climbing,Field trip,Noon - 6pm,Vantage (Frenchman Coulee),2021
173,2021-07-11,2021-07-11,Seattle,Minor,"Slip, trip, fall",Day Hiking,Field trip,Noon - 6pm,Goat Lake (Monte Cristo),2021
174,2021-07-09,2021-07-10,Everett,Near Miss,"Slip, trip, fall",Climbing,Trip,6am - Noon,Mount Daniel/Lynch Glacier,2021
175,2021-07-08,2021-07-11,Everett,Near Miss,"Slip, trip, fall",Climbing,Trip,6am - Noon,Mount Logan/Banded Glacier,2021
176,2021-07-10,2021-07-11,Kitsap,Near Miss,"Hit, struck (or near miss by falling objects)",Climbing,Trip,6am - Noon,Mount Baker/Coleman Glacier,2021
177,2021-07-10,2021-07-10,Foothills,Safety Concern,"Logistics, equipment issues, party issues",Climbing,Trip,Noon - 6pm,The Tooth/South Face,2021
178,2021-07-10,2021-07-11,Kitsap,Near Miss,"Hit, struck (or near miss by falling objects)",Climbing,Trip,6am - Noon,Mount Baker/Coleman Glacier,2021
179,2021-07-10,2021-07-10,Olympia,Minor,Illness,Day Hiking,Trip,Noon - 6pm,Van Trump Park,2021
180,2021-07-08,2021-07-11,Everett,Near Miss,"Slip, trip, fall",Climbing,Trip,6am - Noon,Mount Logan/Banded Glacier,2021
181,2021-07-09,2021-07-10,Everett,Near Miss,"Slip, trip, fall",Climbing,Trip,6am - Noon,Mount Daniel/Lynch Glacier,2021
182,2021-07-08,2021-07-11,Everett,Near Miss,"Slip, trip, fall",Climbing,Trip,Noon - 6pm,Mount Logan/Banded Glacier,2021
183,2021-07-08,2021-07-11,Olympia,Major,"Slip, trip, fall",Climbing,Trip,Noon - 6pm,Mount Rainier/Emmons Glacier,2021
184,2021-07-13,2021-07-13,Olympia,Safety Concern,Illness,Day Hiking,Trip,Noon - 6pm,Marmot Pass & Buckhorn Mountain,2021
185,2021-07-16,2021-07-16,Foothills,Safety Concern,OTHER - Please describe in Incident Narrative.,Day Hiking,Trip,Noon - 6pm,Rattlesnake Mountain (West),2021
186,2021-07-18,2021-07-18,Everett,Minor,"Slip, trip, fall",Climbing,Trip,6am - Noon,The Tooth/South Face,2021
187,2021-07-18,2021-07-18,Foothills,Minor,OTHER - Please describe in Incident Narrative.,Day Hiking,Field trip,6am - Noon,"Dirty Harry's Peak, Balcony & East Balcony",2021
188,2021-07-18,2021-07-18,Olympia,Minor,"Slip, trip, fall",Climbing,Field trip,6am - Noon,SPIRE Rock,2021
189,2021-07-21,2021-07-21,Foothills,Major,"Slip, trip, fall",Day Hiking,Trip,6pm - Midnight,Little Si,2021
190,2021-07-20,2021-07-21,Seattle,Minor,OTHER - Please describe in Incident Narrative.,Backpacking,Trip,Noon - 6pm,Grand Park (Mount Rainier),2021
191,2021-07-20,2021-07-21,Seattle,Significant,OTHER - Please describe in Incident Narrative.,Backpacking,Trip,Noon - 6pm,Grand Park (Mount Rainier),2021
192,2021-07-21,2021-07-21,Foothills,Significant,"Slip, trip, fall",Day Hiking,Trip,Noon - 6pm,Little Si,2021
193,2021-07-21,2021-07-21,Foothills,Significant,"Slip, trip, fall",Day Hiking,Trip,6pm - Midnight,Little Si,2021
194,2021-07-16,2021-07-18,Seattle,Minor,"Personal issues (conditioning, conduct, lack of skill)",Backpacking,Trip,6am - Noon,Heather Park-Lake Angeles Loop,2021
195,2021-07-22,2021-07-22,Kitsap,Minor,"Slip, trip, fall",Youth,Field trip,Noon - 6pm,Eunice Lake & Tolmie Peak Lookout,2021
196,2021-07-25,2021-07-25,Olympia,Minor,"Hit, struck (or near miss by falling objects)",Scrambling,Trip,6am - Noon,Mount Pugh,2021
197,2021-07-18,2021-07-18,Seattle,Near Miss,OTHER - Please describe in Incident Narrative.,Canyoning,Field trip,Noon - 6pm,Rachor Creek: Upper Canyon,2021
198,2021-07-16,2021-07-18,Everett,Near Miss,"Hit, struck (or near miss by falling objects)",Climbing,Trip,6am - Noon,Luahna Peak/Pilz Glacier,2021
199,2021-07-24,2021-07-26,Bellingham,Minor,"Slip, trip, fall",Climbing,Trip,Midnight - 6am,Glacier Peak/Disappointment Peak Cleaver,2021
200,2021-07-18,2021-07-18,Seattle,Significant,"Logistics, equipment issues, party issues",Canyoning,Field trip,Noon - 6pm,Rachor Creek: Upper Canyon,2021
201,2021-08-01,2021-08-01,Tacoma,Minor,"Hit, struck (or near miss by falling objects)",Day Hiking,Trip,Noon - 6pm,Snow & Gem Lakes (Snoqualmie),2021
202,2021-08-07,2021-08-07,Seattle,Significant,"Slip, trip, fall",Scrambling,Trip,6am - Noon,"Fay Peak, Hessong Rock & Mount Pleasant",2021
203,2021-08-07,2021-08-07,Seattle,Significant,"Slip, trip, fall",Scrambling,Trip,Noon - 6pm,"Fay Peak, Hessong Rock & Mount Pleasant",2021
204,2021-08-07,2021-08-08,Tacoma,Minor,"Slip, trip, fall",Backpacking,Trip,Midnight - 6am,Snow & Gem Lakes (Snoqualmie),2021
205,2021-08-08,2021-08-08,Foothills,Minor,"Slip, trip, fall",Day Hiking,Trip,6am - Noon,Burroughs Mountain,2021
206,2021-08-07,2021-08-08,Tacoma,Minor,"Slip, trip, fall",Backpacking,Trip,Midnight - 6am,Snow & Gem Lakes (Snoqualmie),2021
207,2021-07-31,2021-08-01,Seattle,Significant,"Slip, trip, fall",Climbing,Trip,Noon - 6pm,Mount Stuart/West Ridge,2021
208,2021-08-11,2021-08-11,Olympia,Significant,"Hit, struck (or near miss by falling objects)",Scrambling,Trip,Noon - 6pm,"Tamanos Mountain, Governors Ridge, Barrier Peak & Buell Peak",2021
209,2021-08-14,2021-08-14,Tacoma,Major,Boat/kayak mishap,Sea Kayaking,Clinic,Noon - 6pm,Colvos Passage,2021
210,2021-08-14,2021-08-15,Kitsap,Safety Concern,OTHER - Please describe in Incident Narrative.,Climbing,Trip,6am - Noon,Eldorado Peak/Inspiration Glacier,2021
211,2021-08-15,2021-08-15,Seattle,Minor,"Slip, trip, fall",Day Hiking,Field trip,Noon - 6pm,Kendall Katwalk,2021
212,2021-08-21,2021-08-21,Foothills,Minor,"Slip, trip, fall",Day Hiking,Field trip,6am - Noon,Oyster Dome,2021
213,2021-08-21,2021-08-21,Everett,Minor,"Slip, trip, fall",Scrambling,Trip,6am - Noon,Cadet Peak,2021
214,2021-08-21,2021-08-21,Everett,Minor,"Slip, trip, fall",Scrambling,Trip,6am - Noon,Helena Peak,2021
215,2021-08-26,2021-08-26,Foothills,Minor,"Slip, trip, fall",Day Hiking,Field trip,Noon - 6pm,Snow & Gem Lakes (Snoqualmie),2021
216,2021-08-28,2021-08-29,Seattle,Minor,"Hit, struck (or near miss by falling objects)",Scrambling,Trip,6am - Noon,Mount Maude & Seven Fingered Jack,2021
217,2021-08-29,2021-08-29,Everett,Minor,"Slip, trip, fall",Climbing,Trip,Noon - 6pm,Kangaroo Temple/North Face,2021
218,2021-08-28,2021-08-28,Olympia,Minor,"Hit, struck (or near miss by falling objects)",Climbing,Trip,Noon - 6pm,Yellowjacket Tower/East Flank,2021
219,2021-09-04,2021-09-04,Seattle,Safety Concern,Illness,Day Hiking,Field trip,6am - Noon,The Enchantments,2021
220,2021-09-06,2021-09-06,Olympia,Near Miss,OTHER - Please describe in Incident Narrative.,Scrambling,Trip,Noon - 6pm,"Tamanos Mountain, Governors Ridge, Barrier Peak & Buell Peak",2021
221,2021-09-09,2021-09-09,Foothills,Minor,"Slip, trip, fall",Day Hiking,Trip,Noon - 6pm,Melakwa Lake,2021
222,2021-09-11,2021-09-12,Foothills,Minor,"Hit, struck (or near miss by falling objects)",Climbing,Field trip,6am - Noon,Observation Rock/North Face,2021
223,2021-09-09,2021-09-12,Foothills,Minor,"Slip, trip, fall",Backpacking,Trip,Noon - 6pm,Olympic Coast South: The Wildcatter Coast,2021
224,2021-09-11,2021-09-11,Tacoma,Safety Concern,OTHER - Please describe in Incident Narrative.,Climbing,Trip,6am - Noon,Ingalls Peak/Southwest Face,2021
225,2021-09-20,2021-09-20,Olympia,Minor,OTHER - Please describe in Incident Narrative.,Day Hiking,Trip,Noon - 6pm,Tunnel Creek,2021
226,2021-09-25,2021-09-25,Olympia,Safety Concern,"Slip, trip, fall",Stewardship,Trip,Noon - 6pm,Church Creek–Satsop Lakes,2021
227,2021-09-24,2021-09-26,Foothills,Near Miss,"Hit, struck (or near miss by falling objects)",Backpacking,Field trip,Noon - 6pm,"Spider Meadows, Spider Gap, Lyman Lakes & Buck Creek Pass",2021
228,2021-10-03,2021-10-03,Seattle,Major,"Hit, struck (or near miss by falling objects)",Climbing,Trip,6am - Noon,Kangaroo Temple/North Face,2021
229,2021-10-04,2021-10-04,Foothills,Safety Concern,"Logistics, equipment issues, party issues",Day Hiking,Trip,Noon - 6pm,Goat Lake (Monte Cristo),2021
230,2021-10-15,2021-10-15,Tacoma,Minor,OTHER - Please describe in Incident Narrative.,Day Hiking,Trip,6am - Noon,Summerland & Panhandle Gap,2021
231,2021-10-16,2021-10-16,Foothills,Minor,"Slip, trip, fall",Navigation,Field trip,Noon - 6pm,Raging River State Forest,2021
232,2021-10-16,2021-10-16,Seattle,Assistance Provided,"Slip, trip, fall",Youth,Youth activity,Noon - 6pm,Vantage (Frenchman Coulee),2021
233,2021-10-30,2021-10-30,Foothills,Significant,"Slip, trip, fall",Day Hiking,Trip,6am - Noon,Green Lake (Mount Rainier),2021
234,2021-10-30,2021-10-30,Tacoma,Minor,"Logistics, equipment issues, party issues",Scrambling,Trip,Noon - 6pm,"Grand Park, Scarface & Mount Fremont",2021
235,2018-04-27,2018-04-29,Seattle,Safety Concern,OTHER - Please describe in Incident Narrative.,Backpacking,Trip,Noon - 6pm,Black Canyon (Umtanum Ridge),2018
236,2021-12-18,2021-12-18,Seattle,Safety Concern,OTHER - Please describe in Incident Narrative.,Climbing,Clinic,n/a,Poo Poo Point via Chirico Trail,2021
237,2022-01-09,2022-01-09,Olympia,Significant,"Slip, trip, fall",Day Hiking,Trip,Noon - 6pm,Green Mountain: Wildcat Trail,2022
238,2022-01-15,2022-01-15,Seattle,Significant,"Slip, trip, fall",Day Hiking,Trip,Noon - 6pm,Whitehorse Trail,2022
239,2022-01-16,2022-01-16,Foothills,Minor,OTHER - Please describe in Incident Narrative.,Avalanche Safety,Field trip,Noon - 6pm,Gold Creek Basin,2022
240,2022-01-22,2022-01-22,Tacoma,Significant,"Slip, trip, fall",Scrambling,Trip,Noon - 6pm,Tumtum Peak (winter),2022
241,2022-01-22,2022-01-22,Seattle,Minor,"Slip, trip, fall",Climbing,Clinic,6am - Noon,Mount Si Main Trail,2022
242,2022-01-22,2022-01-22,Foothills,Significant,"Slip, trip, fall",Backcountry Skiing,Trip,Noon - 6pm,Mount Margaret via Gold Creek (winter),2022
243,2022-01-29,2022-01-29,Foothills,Minor,OTHER - Please describe in Incident Narrative.,Snowshoeing,Trip,Noon - 6pm,Teanaway Butte,2022
244,2022-01-29,2022-01-29,Seattle,Near Miss,"Slip, trip, fall",Scrambling,Trip,6am - Noon,Pratt Lake Trail,2022
245,2022-01-29,2022-01-29,Outdoor Centers,Safety Concern,OTHER - Please describe in Incident Narrative.,Snowshoeing,Clinic,Noon - 6pm,Meany Lodge,2022
246,2022-02-04,2022-02-04,Olympia,Minor,"Slip, trip, fall",Day Hiking,Trip,6am - Noon,Mount Molly,2022
247,2022-02-05,2022-02-05,Seattle,Near Miss,OTHER - Please describe in Incident Narrative.,Scrambling,Trip,6am - Noon,Guye Peak (winter),2022
248,2022-02-12,2022-02-13,Kitsap,Significant,"Logistics, equipment issues, party issues",Scrambling,Trip,Noon - 6pm,Mount St. Helens/Worm Flows,2022
249,2022-02-11,2022-02-13,Seattle,Minor,"Slip, trip, fall",Cross-country Skiing,Trip,6am - Noon,Echo Ridge,2022
250,2022-02-11,2022-02-13,Seattle,Minor,"Slip, trip, fall",Cross-country Skiing,Trip,6am - Noon,Echo Ridge,2022
251,2022-02-13,2022-02-13,Olympia,Near Miss,"Slip, trip, fall",Scrambling,Trip,Noon - 6pm,Mount Wow,2022
252,2022-02-13,2022-02-13,Olympia,Minor,"Slip, trip, fall",Scrambling,Trip,Noon - 6pm,Mount Wow,2022
253,2022-02-16,2022-02-16,Foothills,Major,"Slip, trip, fall",Day Hiking,Trip,Noon - 6pm,Licorice Fern Trail,2022
254,2022-02-12,2022-02-13,Kitsap,Significant,OTHER - Please describe in Incident Narrative.,Scrambling,Trip,Noon - 6pm,Mount St. Helens/Worm Flows,2022
255,2022-02-16,2022-02-16,Foothills,Significant,"Slip, trip, fall",Day Hiking,Trip,Noon - 6pm,Licorice Fern Trail,2022
256,2022-02-16,2022-02-16,Foothills,Major,"Slip, trip, fall",Day Hiking,Trip,Noon - 6pm,Licorice Fern Trail,2022
257,2022-02-20,2022-02-21,Seattle,Significant,"Hit, struck (or near miss by falling objects)",Youth,Youth activity,Noon - 6pm,Meany Lodge,2022
258,2022-02-26,2022-02-26,Seattle,Near Miss,OTHER - Please describe in Incident Narrative.,Scrambling,Trip,Noon - 6pm,Rock Thunder Peak,2022
259,2022-03-05,2022-03-05,Tacoma,Major,OTHER - Please describe in Incident Narrative.,Backcountry Skiing,Field trip,6am - Noon,Panorama Point,2022
260,2022-03-05,2022-03-05,Tacoma,Major,"Slip, trip, fall",Backcountry Skiing,Field trip,6am - Noon,Bullion Basin (winter),2022
261,2022-03-05,2022-03-05,Tacoma,Significant,"Personal issues (conditioning, conduct, lack of skill)",Backcountry Skiing,Field trip,6am - Noon,Panorama Point,2022
262,2022-02-26,2022-02-27,Bellingham,Minor,"Slip, trip, fall",Climbing,Field trip,Noon - 6pm,Austin Pass (winter),2022
263,2022-03-20,2022-03-20,Seattle,Minor,OTHER - Please describe in Incident Narrative.,Navigation,Field trip,Noon - 6pm,Heybrook Lookout & Ridge,2022
264,2022-03-13,2022-03-13,Seattle,Safety Concern,"Logistics, equipment issues, party issues",Sea Kayaking,Trip,Noon - 6pm,Possession Sound,2022
265,2022-04-02,2022-04-02,Seattle,Minor,OTHER - Please describe in Incident Narrative.,Climbing,Field trip,6am - Noon,Mountaineers Seattle Program Center,2022
266,2022-04-09,2022-04-09,Everett,Safety Concern,"Personal issues (conditioning, conduct, lack of skill)",Scrambling,Field trip,Noon - 6pm,Sam Hill (Leavenworth),2022
267,2022-03-27,2022-03-27,Everett,Minor,"Hit, struck (or near miss by falling objects)",Sea Kayaking,Clinic,Noon - 6pm,Lake Sammamish State Park,2022
268,2022-03-26,2022-03-26,Seattle,Minor,"Hit, struck (or near miss by falling objects)",Climbing,Field trip,Noon - 6pm,Mount Erie,2022
269,2022-04-09,2022-04-09,Everett,Near Miss,"Slip, trip, fall",Scrambling,Field trip,Noon - 6pm,Sam Hill (Leavenworth),2022
270,2022-04-17,2022-04-17,Tacoma,Minor,"Slip, trip, fall",Day Hiking,Trip,Noon - 6pm,Snoquera Falls Loop,2022
271,2022-04-23,2022-04-23,Seattle,Minor,"Slip, trip, fall",Scrambling,Field trip,6am - Noon,Mountaineers Seattle Program Center,2022
272,2022-04-23,2022-04-24,Seattle,Minor,OTHER - Please describe in Incident Narrative.,Climbing,Field trip,6am - Noon,Austin Pass (winter),2022
273,2022-04-23,2022-04-23,Seattle,Minor,"Slip, trip, fall",Scrambling,Field trip,6am - Noon,Mountaineers Seattle Program Center,2022
274,2022-04-30,2022-04-30,Seattle,Minor,"Slip, trip, fall",Day Hiking,Field trip,Noon - 6pm,Lily & Lizard Lakes,2022
275,2022-05-01,2022-05-01,Seattle,Major,"Slip, trip, fall",Day Hiking,Field trip,Noon - 6pm,Chuckanut Ridge & Mountain,2022
276,2022-05-01,2022-05-01,Seattle,Significant,"Slip, trip, fall",Day Hiking,Field trip,Noon - 6pm,Chuckanut Ridge & Mountain,2022
277,2022-05-06,2022-05-06,Seattle,Safety Concern,OTHER - Please describe in Incident Narrative.,Day Hiking,Trip,6am - Noon,Taylor River,2022
278,2022-05-07,2022-05-08,Tacoma,Safety Concern,OTHER - Please describe in Incident Narrative.,Sea Kayaking,Field trip,Noon - 6pm,Lake Sammamish State Park,2022
279,2022-05-07,2022-05-07,Seattle,Significant,"Slip, trip, fall",Day Hiking,Trip,Noon - 6pm,Whiskey Dick Mountain,2022
280,2022-05-15,2022-05-15,Seattle,Minor,"Slip, trip, fall",Scrambling,Field trip,6am - Noon,Mount Erie,2022
281,2022-05-21,2022-05-21,Seattle,Minor,"Slip, trip, fall",Day Hiking,Field trip,Noon - 6pm,Coyote Wall,2022
282,2022-05-20,2022-05-21,Foothills,Significant,"Slip, trip, fall",Backpacking,Trip,Noon - 6pm,Enchanted Valley,2022
283,2022-05-20,2022-05-21,Foothills,Significant,"Slip, trip, fall",Backpacking,Trip,Noon - 6pm,Enchanted Valley,2022
284,2022-05-21,2022-05-21,Seattle,Minor,OTHER - Please describe in Incident Narrative.,Sea Kayaking,Trip,Noon - 6pm,Port Gamble Bay,2022
285,2022-05-14,2022-05-15,Seattle,Safety Concern,"Personal issues (conditioning, conduct, lack of skill)",Sea Kayaking,Field trip,6am - Noon,Lake Sammamish State Park,2022
286,2022-04-23,2022-04-24,Seattle,Minor,"Slip, trip, fall",Climbing,Field trip,6am - Noon,Austin Pass (winter),2022
287,2022-05-30,2022-05-30,Olympia,Near Miss,OTHER - Please describe in Incident Narrative.,Scrambling,Trip,Noon - 6pm,"Unicorn, Foss, Boundary & Stevens Peaks",2022
288,2022-06-04,2022-06-04,Seattle,Minor,"Slip, trip, fall",Day Hiking,Field trip,Noon - 6pm,Mount Teneriffe,2022
289,2022-06-03,2022-06-03,Olympia,Minor,"Logistics, equipment issues, party issues",Stewardship,Trip,Noon - 6pm,Lower South Fork Skokomish River,2022
290,2022-05-28,2022-05-29,Foothills,Minor,"Hit, struck (or near miss by falling objects)",Backpacking,Field trip,Noon - 6pm,Olympic Coast North: The Shipwreck Coast,2022
291,2022-06-04,2022-06-04,Seattle,Minor,"Slip, trip, fall",Scrambling,Field trip,6am - Noon,Bean Creek Basin,2022
292,2022-06-04,2022-06-05,Seattle,Minor,"Slip, trip, fall",Backpacking,Field trip,Noon - 6pm,Ancient Lake,2022
293,2022-06-04,2022-06-04,Seattle,Near Miss,"Slip, trip, fall",Scrambling,Field trip,Noon - 6pm,Bean Creek Basin,2022
294,2022-06-06,2022-06-06,Kitsap,Minor,"Slip, trip, fall",Climbing,Field trip,Noon - 6pm,Leavenworth,2022
295,2022-06-10,2022-06-12,Seattle,Minor,"Slip, trip, fall",Climbing,Field trip,Noon - 6pm,Austin Pass (winter),2022
296,2022-06-12,2022-06-12,Seattle,Near Miss,"Hit, struck (or near miss by falling objects)",Scrambling,Field trip,Noon - 6pm,Bean Creek Basin,2022
297,2022-06-13,2022-06-13,Seattle,Safety Concern,OTHER - Please describe in Incident Narrative.,Day Hiking,Field trip,Noon - 6pm,Mount Washington (Snoqualmie),2022
298,2022-06-11,2022-06-12,Everett,Significant,"Hit, struck (or near miss by falling objects)",Climbing,Field trip,6am - Noon,Squamish,2022
299,2022-06-10,2022-06-12,Seattle,Minor,"Slip, trip, fall",Climbing,Field trip,Noon - 6pm,Austin Pass (winter),2022
300,2022-06-11,2022-06-12,Everett,Significant,"Hit, struck (or near miss by falling objects)",Climbing,Field trip,6am - Noon,Leavenworth,2022
301,2022-06-17,2022-06-17,Foothills,Safety Concern,"Slip, trip, fall",Climbing,Trip,Noon - 6pm,Colchuck & Dragontail Peaks,2022
302,2022-06-11,2022-06-12,Everett,Near Miss,"Hit, struck (or near miss by falling objects)",Climbing,Field trip,6am - Noon,Squamish,2022
303,2022-06-12,2022-06-12,Tacoma,Near Miss,Boat/kayak mishap,Sea Kayaking,Seminar,Noon - 6pm,Hobuck Beach & Neah Bay,2022
304,2022-06-23,2022-06-24,Seattle,Near Miss,"Hit, struck (or near miss by falling objects)",Climbing,Trip,6am - Noon,Mount Baker/Easton Glacier,2022
305,2022-06-24,2022-06-24,Seattle,Significant,"Hit, struck (or near miss by falling objects)",Climbing,Trip,Noon - 6pm,Mount Baker/Boulder Glacier,2022
306,2022-06-26,2022-06-26,Tacoma,Near Miss,Boat/kayak mishap,Sea Kayaking,Trip,Noon - 6pm,Port Gamble Bay,2022
307,2022-06-25,2022-06-25,Seattle,Minor,Illness,Day Hiking,Field trip,Noon - 6pm,Kloshe Nanitch Lookout,2022
308,2022-06-26,2022-06-26,Seattle,Near Miss,OTHER - Please describe in Incident Narrative.,Sea Kayaking,Trip,Noon - 6pm,Chuckanut Bay,2022
309,2022-06-25,2022-06-25,Seattle,Minor,Illness,Day Hiking,Field trip,Noon - 6pm,Kloshe Nanitch Lookout,2022
310,2022-06-29,2022-06-29,Olympia,Minor,Illness,Day Hiking,Trip,6pm - Midnight,Woodard Bay,2022
311,2022-07-02,2022-07-02,Olympia,Minor,"Slip, trip, fall",Climbing,Trip,6am - Noon,"Pinnacle, Plummer, Denman, Lane & The Castle",2022
312,2022-07-01,2022-07-04,Tacoma,Minor,"Slip, trip, fall",Climbing,Trip,6am - Noon,"Deception, Mystery, Fricaba & Hal Foss",2022
313,2022-07-05,2022-07-05,Seattle,Minor,"Slip, trip, fall",Day Hiking,Field trip,Noon - 6pm,Middle Fork Snoqualmie River,2022
314,2022-07-05,2022-07-05,Everett,Minor,"Slip, trip, fall",Scrambling,Trip,Noon - 6pm,Lichtenberg Mountain,2022
315,2022-07-07,2022-07-07,Seattle,Near Miss,"Hit, struck (or near miss by falling objects)",Youth,Field trip,6am - Noon,Exit 38,2022
316,2022-07-09,2022-07-10,Seattle,Significant,Illness,Sea Kayaking,Clinic,Noon - 6pm,Chuckanut Bay,2022
317,2022-07-09,2022-07-10,Seattle,Near Miss,Illness,Sea Kayaking,Clinic,Noon - 6pm,Chuckanut Bay,2022
318,2022-07-15,2022-07-15,Seattle,Minor,Illness,Youth,Youth activity,6am - Noon,Baker Lodge,2022
319,2022-07-19,2022-07-19,Olympia,Near Miss,"Slip, trip, fall",Climbing,Trip,6am - Noon,Ozone,2022
320,2022-07-22,2022-07-23,Foothills,Minor,"Hit, struck (or near miss by falling objects)",Scrambling,Trip,Noon - 6pm,Del Campo & Gothic Peaks,2022
321,2022-07-29,2022-07-29,Seattle,Safety Concern,OTHER - Please describe in Incident Narrative.,Climbing,Trip,Noon - 6pm,Lundin Peak/West Ridge,2022
322,2022-07-29,2022-07-29,Seattle,Minor,"Hit, struck (or near miss by falling objects)",Climbing,Trip,Noon - 6pm,Lundin Peak/West Ridge,2022
323,2022-07-20,2022-07-26,Olympia,Safety Concern,OTHER - Please describe in Incident Narrative.,Sea Kayaking,Trip,n/a,"Ross, Diablo & Gorge Lakes",2022
324,2022-08-03,2022-08-03,Seattle,Major,Illness,Exploring Nature,Trip,Noon - 6pm,Palisades Lakes,2022
325,2022-08-03,2022-08-03,Seattle,Major,Illness,Exploring Nature,Trip,Noon - 6pm,Palisades Lakes,2022
326,2022-08-03,2022-08-03,Seattle,Safety Concern,"Personal issues (conditioning, conduct, lack of skill)",Exploring Nature,Trip,6am - Noon,Palisades Lakes,2022
327,2022-08-03,2022-08-03,Seattle,Major,Illness,Exploring Nature,Trip,Noon - 6pm,Palisades Lakes,2022
328,2022-08-07,2022-08-07,Tacoma,Minor,"Slip, trip, fall",Day Hiking,Trip,6am - Noon,Kendall Katwalk,2022
329,2022-08-06,2022-08-07,Seattle,Minor,"Slip, trip, fall",Climbing,Trip,Noon - 6pm,Mount Shuksan/Sulphide Glacier,2022
330,2022-08-07,2022-08-07,Seattle,Assistance Provided,OTHER - Please describe in Incident Narrative.,Canyoning,Trip,n/a,Davis Creek,2022
331,2022-08-06,2022-08-07,Seattle,Minor,"Slip, trip, fall",Climbing,Trip,Noon - 6pm,Mount Shuksan/Sulphide Glacier,2022
332,2022-08-07,2022-08-07,Tacoma,Safety Concern,"Slip, trip, fall",Day Hiking,Trip,6am - Noon,Kendall Katwalk,2022
333,2022-08-06,2022-08-07,Seattle,Near Miss,"Slip, trip, fall",Climbing,Trip,Noon - 6pm,Clark Mountain & Luahna Peak,2022
334,2022-08-07,2022-08-07,Tacoma,Minor,"Slip, trip, fall",Day Hiking,Trip,6am - Noon,Kendall Katwalk,2022
335,2022-08-06,2022-08-07,Bellingham,Minor,"Slip, trip, fall",Climbing,Field trip,Noon - 6pm,Mount Baker/Easton Glacier,2022
336,2022-08-13,2022-08-13,Everett,Minor,"Slip, trip, fall",Climbing,Trip,Noon - 6pm,Kangaroo Temple/North Face,2022
337,2022-08-14,2022-08-14,Seattle,Significant,"Slip, trip, fall",Day Hiking,Field trip,Noon - 6pm,Necklace Valley,2022
338,2022-08-14,2022-08-14,Seattle,Minor,"Slip, trip, fall",Day Hiking,Field trip,Noon - 6pm,Necklace Valley,2022
339,2022-07-30,2022-08-01,Olympia,Safety Concern,"Hit, struck (or near miss by falling objects)",Climbing,Trip,6am - Noon,Meany Crest,2022
340,2022-08-13,2022-08-13,Foothills,Minor,"Hit, struck (or near miss by falling objects)",Day Hiking,Field trip,6am - Noon,Ptarmigan Ridge,2022
341,2022-08-19,2022-08-21,Foothills,Minor,"Slip, trip, fall",Backpacking,Trip,Noon - 6pm,Scott Paul Trail & Park Butte,2022
342,2022-07-30,2022-07-31,Foothills,Significant,Illness,Scrambling,Trip,Noon - 6pm,Granite Mountain & Trico Mountain,2022
343,2022-08-24,2022-08-24,Olympia,Near Miss,"Hit, struck (or near miss by falling objects)",Climbing,Trip,6am - Noon,Meany Crest,2022
344,2022-08-26,2022-08-26,Seattle,Major,Illness,Climbing,Trip,Noon - 6pm,Liberty Bell/Southwest Face,2022
345,2022-08-27,2022-08-27,Foothills,Minor,"Slip, trip, fall",Trail Running,Trip,6am - Noon,Burroughs Mountain,2022
346,2022-08-27,2022-08-28,Olympia,Significant,"Hit, struck (or near miss by falling objects)",Climbing,Trip,6am - Noon,Mount Daniel/Daniel Glacier,2022
347,2022-07-16,2022-07-17,Bellingham,Near Miss,OTHER - Please describe in Incident Narrative.,Climbing,Field trip,6am - Noon,Mount Baker Recreation Area,2022
348,2022-08-27,2022-08-28,Seattle,Near Miss,"Hit, struck (or near miss by falling objects)",Climbing,Trip,6am - Noon,Mount Shuksan/Fisher Chimneys,2022
349,2022-08-28,2022-08-28,Bellingham,Minor,"Slip, trip, fall",Climbing,Trip,Noon - 6pm,Ingalls Peak/East Ridge,2022
350,2022-08-06,2022-08-07,Seattle,Minor,"Slip, trip, fall",Climbing,Trip,Noon - 6pm,Mount Shuksan/Sulphide Glacier,2022
351,2022-09-02,2022-09-02,Tacoma,Safety Concern,OTHER - Please describe in Incident Narrative.,Climbing,Trip,Noon - 6pm,Concord Tower/North Face,2022
352,2022-09-10,2022-09-10,Seattle,Significant,OTHER - Please describe in Incident Narrative.,Scrambling,Trip,6am - Noon,Merchant Peak,2022
353,2022-09-17,2022-09-17,Everett,Minor,OTHER - Please describe in Incident Narrative.,Scrambling,Trip,6am - Noon,Humpback Mountain,2022
354,2022-09-18,2022-09-18,Olympia,Minor,"Slip, trip, fall",Scrambling,Trip,6am - Noon,Second Mother Mountain,2022
355,2022-09-10,2022-09-10,Seattle,Major,"Slip, trip, fall",Scrambling,Trip,6am - Noon,Merchant Peak,2022
356,2022-09-17,2022-09-17,Kitsap,Assistance Provided,"Slip, trip, fall",Climbing,Trip,Noon - 6pm,Liberty Bell/Southwest Face,2022
357,2022-09-17,2022-09-18,Tacoma,Near Miss,"Slip, trip, fall",Climbing,Field trip,6am - Noon,Exit 38,2022
358,2022-09-19,2022-09-19,Seattle,Safety Concern,"Personal issues (conditioning, conduct, lack of skill)",Exploring Nature,Trip,6am - Noon,Maple Pass Loop,2022
359,2022-09-19,2022-09-19,Seattle,Safety Concern,"Personal issues (conditioning, conduct, lack of skill)",Exploring Nature,Trip,6am - Noon,Maple Pass Loop,2022
360,2022-09-21,2022-09-21,Foothills,Minor,"Slip, trip, fall",Trail Running,Trip,6pm - Midnight,Paradise Valley Conservation Area,2022
361,2022-09-28,2022-09-28,Bellingham,Safety Concern,Illness,Day Hiking,Trip,Noon - 6pm,Pine & Cedar Lakes,2022
362,2022-10-02,2022-10-02,Seattle,Near Miss,"Slip, trip, fall",Scrambling,Trip,Noon - 6pm,"Vesper, Sperry & Wolf Peaks",2022
363,2022-09-30,2022-10-01,Foothills,Minor,"Slip, trip, fall",Trail Running,Trip,Noon - 6pm,"Rachel, Rampart & Lila Lakes",2022
364,2022-11-05,2022-11-05,Outdoor Centers,Minor,"Hit, struck (or near miss by falling objects)",Stewardship,Trip,Noon - 6pm,Meany Lodge,2022
365,2022-10-30,2022-10-30,Seattle,Near Miss,Boat/kayak mishap,Sea Kayaking,Trip,Noon - 6pm,Hiram M. Chittenden Locks,2022
366,2022-11-20,2022-11-20,Tacoma,Minor,"Hit, struck (or near miss by falling objects)",Day Hiking,Trip,6am - Noon,West Tiger Mountain No. 1,2022
367,2022-11-20,2022-11-20,Tacoma,Assistance Provided,"Hit, struck (or near miss by falling objects)",Day Hiking,Trip,6am - Noon,West Tiger Mountain No. 1,2022
368,2022-11-12,2022-11-12,Outdoor Centers,Safety Concern,"Hit, struck (or near miss by falling objects)",Stewardship,Trip,Noon - 6pm,Stevens Lodge,2022
369,2022-12-03,2022-12-03,Seattle,Minor,Boat/kayak mishap,Sea Kayaking,Trip,Noon - 6pm,Nisqually Delta & Reach,2022
370,2022-12-31,2022-12-31,Tacoma,Safety Concern,OTHER - Please describe in Incident Narrative.,Sea Kayaking,Trip,6am - Noon,Carr Inlet,2022
371,2022-12-31,2022-12-31,Tacoma,Safety Concern,"Personal issues (conditioning, conduct, lack of skill)",Sea Kayaking,Trip,6am - Noon,Carr Inlet,2022
372,2023-01-07,2023-01-07,Tacoma,Minor,"Slip, trip, fall",Sea Kayaking,Trip,Noon - 6pm,Gig Harbor Triple Cross,2023
373,2023-01-08,2023-01-08,Tacoma,Minor,OTHER - Please describe in Incident Narrative.,Snowshoeing,Field trip,Noon - 6pm,Paradise,2023
374,2023-01-09,2023-01-09,Seattle,Minor,"Slip, trip, fall",Climbing,Field trip,6pm - Midnight,Mountaineers Seattle Program Center,2023
375,2023-01-13,2023-01-13,Foothills,Minor,"Slip, trip, fall",Day Hiking,Trip,Noon - 6pm,Grand Ridge Park (Snoqualmie),2023
376,2023-01-13,2023-01-13,Foothills,Minor,"Slip, trip, fall",Day Hiking,Trip,Noon - 6pm,Grand Ridge Park (Snoqualmie),2023
377,2023-01-13,2023-01-13,Foothills,Minor,"Slip, trip, fall",Day Hiking,Trip,Noon - 6pm,Grand Ridge Park (Snoqualmie),2023
378,2023-01-15,2023-01-15,Foothills,Minor,"Personal issues (conditioning, conduct, lack of skill)",Snowshoeing,Field trip,6am - Noon,Commonwealth Basin,2023
379,2023-01-14,2023-01-14,Everett,Significant,OTHER - Please describe in Incident Narrative.,Climbing,Seminar,6am - Noon,Mountaineers Seattle Program Center,2023
380,2023-01-19,2023-01-19,Foothills,Near Miss,"Hit, struck (or near miss by falling objects)",Snowshoeing,Trip,6am - Noon,Snow & Gem Lakes (Snoqualmie),2023
381,2023-01-22,2023-01-22,Foothills,Significant,"Slip, trip, fall",Avalanche Safety,Field trip,Noon - 6pm,Source Lake,2023
382,2023-02-04,2023-02-04,Outdoor Centers,Minor,"Slip, trip, fall",Downhill Skiing & Snowboarding,Clinic,Noon - 6pm,Meany Lodge,2023
383,2023-02-04,2023-02-04,Everett,Minor,"Slip, trip, fall",Cross-country Skiing,Field trip,6am - Noon,Erling Stordahl,2023
384,2023-02-06,2023-02-06,Foothills,Safety Concern,"Personal issues (conditioning, conduct, lack of skill)",Day Hiking,Trip,6am - Noon,Mountains of Southern Arizona,2023
385,2023-02-06,2023-02-06,Foothills,Minor,OTHER - Please describe in Incident Narrative.,Day Hiking,Trip,6am - Noon,Mountains of Southern Arizona,2023
386,2023-02-08,2023-02-08,Everett,Significant,"Slip, trip, fall",Cross-country Skiing,Trip,Noon - 6pm,Lake Wenatchee South Park Area,2023
387,2023-02-04,2023-02-11,The Mountaineers,Near Miss,"Slip, trip, fall",Climbing,Clinic,Noon - 6pm,Canmore,2023
388,2023-02-11,2023-02-12,Kitsap,Minor,"Personal issues (conditioning, conduct, lack of skill)",Scrambling,Trip,Noon - 6pm,Mount St. Helens/Worm Flows,2023
389,2023-02-11,2023-02-12,Kitsap,Minor,OTHER - Please describe in Incident Narrative.,Scrambling,Trip,Noon - 6pm,Mount St. Helens/Worm Flows,2023
390,2023-02-01,2023-02-05,Seattle,Minor,OTHER - Please describe in Incident Narrative.,Climbing,Field trip,6am - Noon,Ouray Ice Park,2023
391,2023-02-18,2023-02-18,Tacoma,Safety Concern,OTHER - Please describe in Incident Narrative.,Scrambling,Trip,6am - Noon,"Guye Peak, Snoqualmie Mountain & Cave Ridge (PCT)",2023
392,2023-02-21,2023-02-21,Seattle,Near Miss,OTHER - Please describe in Incident Narrative.,Urban Walking,Trip,6pm - Midnight,Seattle Central District,2023
393,2023-03-04,2023-03-04,Tacoma,Safety Concern,Illness,Sea Kayaking,Trip,6am - Noon,Point Defiance Park,2023
394,2023-03-04,2023-03-04,Tacoma,Minor,Illness,Sea Kayaking,Trip,6am - Noon,Point Defiance Park,2023
395,2023-03-05,2023-03-05,Foothills,Near Miss,"Slip, trip, fall",Scrambling,Trip,Noon - 6pm,Mount Teneriffe,2023
396,2023-03-04,2023-03-04,Seattle,Minor,"Hit, struck (or near miss by falling objects)",Naturalist,Trip,6am - Noon,Skagit Valley,2023
397,2023-03-04,2023-03-04,Seattle,Minor,"Slip, trip, fall",Naturalist,Trip,6am - Noon,Skagit Valley,2023
398,2023-03-04,2023-03-04,Tacoma,Minor,Illness,Sea Kayaking,Trip,6am - Noon,Point Defiance Park,2023
399,2023-02-04,2023-02-11,The Mountaineers,Near Miss,"Logistics, equipment issues, party issues",Climbing,Clinic,6am - Noon,Canmore,2023
400,2023-03-06,2023-03-06,Seattle,Safety Concern,"Logistics, equipment issues, party issues",Urban Walking,Trip,6pm - Midnight,Seattle Waterfront,2023
401,2023-03-05,2023-03-05,Foothills,Near Miss,"Slip, trip, fall",Scrambling,Trip,Noon - 6pm,Mount Teneriffe,2023
402,2023-03-12,2023-03-12,Tacoma,Minor,OTHER - Please describe in Incident Narrative.,Day Hiking,Trip,6am - Noon,Tiger Mountain Lowlands,2023
403,2023-03-18,2023-03-18,Foothills,Minor,"Logistics, equipment issues, party issues",Urban Walking,Trip,6am - Noon,West Seattle,2023
404,2023-03-18,2023-03-18,Seattle,Safety Concern,OTHER - Please describe in Incident Narrative.,Sea Kayaking,Seminar,n/a,Mountaineers Seattle Program Center,2023
405,2023-03-05,2023-03-18,The Mountaineers,Minor,"Slip, trip, fall","Global Adventures, Cross-country Skiing",Trip,Noon - 6pm,Cross-country Ski in Norway,2023
406,2023-03-18,2023-03-18,Foothills,Minor,OTHER - Please describe in Incident Narrative.,Urban Walking,Trip,6am - Noon,West Seattle,2023
407,2023-03-20,2023-03-20,Foothills,Minor,"Slip, trip, fall",Urban Walking,Trip,6am - Noon,Renton,2023
408,2023-03-26,2023-03-26,Everett,Minor,"Hit, struck (or near miss by falling objects)",Sea Kayaking,Clinic,Noon - 6pm,Lake Sammamish State Park,2023
409,2023-03-05,2023-03-18,The Mountaineers,Significant,Illness,"Global Adventures, Cross-country Skiing",Trip,6am - Noon,Cross-country Ski in Norway,2023
410,2023-04-01,2023-04-01,Seattle,Safety Concern,Boat/kayak mishap,Sea Kayaking,Clinic,Noon - 6pm,Deception Pass,2023
411,2023-04-05,2023-04-05,Seattle,Safety Concern,OTHER - Please describe in Incident Narrative.,Bikepacking,Trip,Noon - 6pm,Snoqualmie Valley Trail,2023
412,2023-04-07,2023-04-10,The Mountaineers,Significant,"Slip, trip, fall","Canyoning, Global Adventures",Trip,6am - Noon,Canyon Arizona’s Aquatic Canyons,2023
413,2023-04-14,2023-04-14,Foothills,Minor,"Slip, trip, fall",Day Hiking,Trip,6am - Noon,Snoquera Palisades,2023
414,2023-04-21,2023-04-21,Seattle,Minor,OTHER - Please describe in Incident Narrative.,Urban Walking,Trip,6am - Noon,Juanita Bay Park,2023
415,2023-04-22,2023-04-23,Everett,Near Miss,"Hit, struck (or near miss by falling objects)",Climbing,Field trip,6am - Noon,Leavenworth,2023
416,2023-04-27,2023-04-27,Seattle,Minor,"Slip, trip, fall","Day Hiking, Urban Walking",Trip,6pm - Midnight,Seward Park,2023
417,2023-04-16,2023-04-27,The Mountaineers,Minor,"Slip, trip, fall","Global Adventures, Day Hiking",Trip,Noon - 6pm,Hike the Amalfi Coast and Cilento National Park in Southern Italy,2023
418,2023-04-30,2023-04-30,Olympia,Minor,"Slip, trip, fall",Day Hiking,Trip,Noon - 6pm,Duckabush River,2023
419,2023-04-29,2023-04-29,Foothills,Safety Concern,OTHER - Please describe in Incident Narrative.,Climbing,Field trip,6am - Noon,Leavenworth,2023
420,2023-04-29,2023-04-29,Seattle,Minor,"Hit, struck (or near miss by falling objects)",Scrambling,Trip,Noon - 6pm,"Guye Peak, Snoqualmie Mountain & Cave Ridge (Alpental)",2023
421,2023-04-16,2023-04-27,The Mountaineers,Minor,"Slip, trip, fall","Day Hiking, Global Adventures",Trip,Noon - 6pm,Hike the Amalfi Coast and Cilento National Park in Southern Italy,2023
422,2023-04-30,2023-04-30,Foothills,Safety Concern,"Personal issues (conditioning, conduct, lack of skill)",Trail Running,Field trip,6am - Noon,Cougar Mountain: Red Town Trailhead,2023
423,2023-05-06,2023-05-06,Seattle,Minor,OTHER - Please describe in Incident Narrative.,Day Hiking,Field trip,Noon - 6pm,Ingalls Creek,2023
424,2023-05-06,2023-05-06,Olympia,Safety Concern,"Slip, trip, fall",Navigation,Field trip,6am - Noon,Kennedy Creek,2023
425,2023-05-08,2023-05-08,Seattle,Near Miss,"Slip, trip, fall",Day Hiking,Field trip,6am - Noon,Kamikaze (Teneriffe) Falls,2023
426,2023-05-07,2023-05-07,Olympia,Minor,"Slip, trip, fall",Navigation,Field trip,Noon - 6pm,Kennedy Creek,2023
427,2023-05-08,2023-05-08,Seattle,Near Miss,OTHER - Please describe in Incident Narrative.,Scrambling,Trip,Noon - 6pm,Silver King,2023
428,2023-05-08,2023-05-08,Seattle,Minor,"Slip, trip, fall",Scrambling,Trip,Noon - 6pm,Silver King,2023
429,2023-05-09,2023-05-09,Seattle,Minor,OTHER - Please describe in Incident Narrative.,Scrambling,Trip,Noon - 6pm,Silver King,2023
430,2023-05-08,2023-05-08,Seattle,Safety Concern,"Personal issues (conditioning, conduct, lack of skill)",Scrambling,Trip,Noon - 6pm,Silver King,2023
431,2023-05-12,2023-05-14,Seattle,Minor,"Slip, trip, fall",Backcountry Skiing,Trip,6am - Noon,Mount Baker/Boulder Glacier,2023
432,2023-05-13,2023-05-15,Seattle,Minor,OTHER - Please describe in Incident Narrative.,Sea Kayaking,Trip,Noon - 6pm,San Juan Islands & Lummi Island from Gooseberry Point,2023
433,2023-04-16,2023-04-27,The Mountaineers,Minor,"Slip, trip, fall","Day Hiking, Global Adventures",Trip,Noon - 6pm,Hike the Amalfi Coast and Cilento National Park in Southern Italy,2023
434,2023-04-16,2023-04-27,The Mountaineers,Minor,"Slip, trip, fall","Day Hiking, Global Adventures",Trip,Noon - 6pm,Hike the Amalfi Coast and Cilento National Park in Southern Italy,2023
435,2023-05-20,2023-05-20,Olympia,Minor,"Slip, trip, fall",Day Hiking,Trip,Noon - 6pm,Green Mountain: Wildcat Trail,2023
436,2023-05-20,2023-05-20,Olympia,Minor,OTHER - Please describe in Incident Narrative.,Climbing,Field trip,Noon - 6pm,Vantage (Frenchman Coulee),2023
437,2023-05-20,2023-05-20,Seattle,Minor,Illness,Day Hiking,Field trip,Noon - 6pm,Coyote Wall & Catherine Creek,2023
438,2023-05-22,2023-05-22,Foothills,Minor,Illness,Day Hiking,Field trip,6am - Noon,Cedar Butte (Olallie State Park),2023
439,2023-04-07,2023-04-10,The Mountaineers,Significant,"Slip, trip, fall","Global Adventures, Canyoning",Trip,6am - Noon,Canyon Arizona’s Aquatic Canyons,2023
440,2023-05-13,2023-05-13,Everett,Minor,"Slip, trip, fall",Scrambling,Field trip,Noon - 6pm,Kendall Katwalk,2023
441,2023-05-27,2023-05-27,Tacoma,Minor,OTHER - Please describe in Incident Narrative.,Climbing,Trip,Midnight - 6am,Liberty Bell/Southwest Face,2023
442,2023-05-22,2023-05-22,Foothills,Minor,Illness,Day Hiking,Field trip,6am - Noon,Cedar Butte (Olallie State Park),2023
443,2023-05-26,2023-05-29,Seattle,Minor,"Hit, struck (or near miss by falling objects)",Youth,Youth activity,6pm - Midnight,Smith Rock,2023
444,2023-05-27,2023-05-27,Tacoma,Minor,"Slip, trip, fall",Climbing,Trip,6am - Noon,Liberty Bell/Southwest Face,2023
445,2023-04-16,2023-04-27,The Mountaineers,Significant,"Slip, trip, fall","Day Hiking, Global Adventures",Trip,Noon - 6pm,Hike the Amalfi Coast and Cilento National Park in Southern Italy,2023
446,2023-05-27,2023-05-28,Tacoma,Minor,OTHER - Please describe in Incident Narrative.,Sea Kayaking,Clinic,Noon - 6pm,Blake Island,2023
447,2023-06-02,2023-06-02,Seattle,Minor,Illness,Sea Kayaking,Trip,6am - Noon,Hobuck Beach & Neah Bay,2023
448,2023-06-03,2023-06-03,Seattle,Minor,"Logistics, equipment issues, party issues",Sea Kayaking,Trip,Noon - 6pm,Hobuck Beach & Neah Bay,2023
449,2023-06-03,2023-06-04,Tacoma,Minor,"Slip, trip, fall",Backpacking,Trip,Noon - 6pm,Packwood Lake,2023
450,2023-06-03,2023-06-04,Bellingham,Minor,"Logistics, equipment issues, party issues",Climbing,Field trip,6pm - Midnight,Austin Pass (winter),2023
451,2023-06-03,2023-06-04,Tacoma,Minor,OTHER - Please describe in Incident Narrative.,Backpacking,Trip,Noon - 6pm,Packwood Lake,2023
452,2023-06-11,2023-06-11,Tacoma,Significant,"Slip, trip, fall",Climbing,Trip,6am - Noon,Snow Creek Wall,2023
453,2023-06-09,2023-06-11,Foothills,Significant,OTHER - Please describe in Incident Narrative.,Backpacking,Trip,6am - Noon,Enchanted Valley,2023
454,2023-06-11,2023-06-11,Everett,Safety Concern,"Slip, trip, fall",Scrambling,Trip,6am - Noon,"Vesper, Sperry & Wolf Peaks",2023
455,2023-06-09,2023-06-11,Olympia,Near Miss,"Hit, struck (or near miss by falling objects)",Climbing,Trip,6am - Noon,Mount Adams Ice Climbing Routes,2023
456,2023-06-16,2023-06-16,Seattle,Near Miss,"Slip, trip, fall",Scrambling,Field trip,Noon - 6pm,Silver Peak,2023
457,2023-06-16,2023-06-16,Seattle,Near Miss,"Slip, trip, fall",Scrambling,Field trip,Noon - 6pm,Silver Peak,2023
458,2023-06-17,2023-06-17,Olympia,Minor,"Hit, struck (or near miss by falling objects)",Climbing,Trip,6am - Noon,"Unicorn, Foss, Boundary & Stevens Peaks",2023
459,2023-06-16,2023-06-16,Seattle,Near Miss,"Slip, trip, fall",Scrambling,Field trip,Noon - 6pm,Silver Peak,2023
460,2023-06-17,2023-06-19,Seattle,Minor,"Logistics, equipment issues, party issues",Youth,Youth activity,6am - Noon,Mount Adams/South Spur,2023
461,2023-06-24,2023-06-24,Seattle,Significant,"Hit, struck (or near miss by falling objects)",Scrambling,Trip,Noon - 6pm,Three Way Peak,2023
462,2023-06-25,2023-06-25,Foothills,Near Miss,"Hit, struck (or near miss by falling objects)",Scrambling,Trip,Noon - 6pm,Perry Creek & Mount Forgotten,2023
463,2023-06-25,2023-06-25,Olympia,Minor,"Slip, trip, fall",Sea Kayaking,Field trip,Noon - 6pm,Boston Harbor Vicinity,2023
464,2023-06-24,2023-06-24,Seattle,Significant,"Hit, struck (or near miss by falling objects)",Scrambling,Trip,Noon - 6pm,Three Way Peak,2023
465,2023-06-24,2023-06-24,Seattle,Significant,"Hit, struck (or near miss by falling objects)",Scrambling,Trip,Noon - 6pm,Three Way Peak,2023
466,2023-06-26,2023-06-27,Seattle,Safety Concern,OTHER - Please describe in Incident Narrative.,Climbing,Trip,6am - Noon,Mount Baker/Easton Glacier,2023
467,2023-06-26,2023-06-30,Olympia,Minor,"Slip, trip, fall",Youth,Youth activity,Noon - 6pm,Olympia Friends Meeting House,2023
468,2023-06-24,2023-06-24,Seattle,Minor,"Hit, struck (or near miss by falling objects)",Scrambling,Trip,Noon - 6pm,Three Way Peak,2023
469,2023-06-26,2023-06-26,Seattle,Near Miss,OTHER - Please describe in Incident Narrative.,Youth,Youth activity,Noon - 6pm,Mountaineers Seattle Program Center,2023
470,2023-06-21,2023-06-21,Seattle,Minor,"Slip, trip, fall",Youth,Youth activity,6am - Noon,Mountaineers Seattle Program Center,2023
471,2023-06-25,2023-06-26,Foothills,Near Miss,"Hit, struck (or near miss by falling objects)",Climbing,Trip,6am - Noon,Sherman Peak/Squak Glacier (Mount Baker),2023
472,2023-06-24,2023-06-24,Tacoma,Major,"Slip, trip, fall",Climbing,Trip,6am - Noon,The Tooth/South Face,2023
473,2023-06-30,2023-07-01,Seattle,Minor,Boat/kayak mishap,Sea Kayaking,Trip,Noon - 6pm,San Juan Islands from Anacortes,2023
474,2023-06-24,2023-06-25,Foothills,Minor,"Slip, trip, fall",Climbing,Trip,Noon - 6pm,Mount Shuksan/Sulphide Glacier,2023
475,2023-07-01,2023-07-02,Olympia,Major,"Slip, trip, fall",Climbing,Trip,6am - Noon,Silver Star Mountain/Silver Star Creek,2023
476,2023-06-24,2023-06-24,Seattle,Significant,OTHER - Please describe in Incident Narrative.,Scrambling,Trip,Noon - 6pm,Three Way Peak,2023
477,2023-06-30,2023-07-01,Seattle,Minor,"Hit, struck (or near miss by falling objects)",Sea Kayaking,Trip,Noon - 6pm,San Juan Islands from Anacortes,2023
478,2023-07-03,2023-07-03,Seattle,Minor,"Slip, trip, fall",Day Hiking,Field trip,Noon - 6pm,Snow & Gem Lakes (Snoqualmie),2023
479,2023-07-02,2023-07-02,Seattle,Minor,"Slip, trip, fall",Scrambling,Trip,Noon - 6pm,DeRoux Creek,2023
480,2023-07-01,2023-07-02,Olympia,Major,"Slip, trip, fall",Climbing,Trip,6am - Noon,Silver Star Mountain/Silver Star Creek,2023
481,2023-07-02,2023-07-02,Seattle,Near Miss,"Slip, trip, fall",Scrambling,Trip,Noon - 6pm,DeRoux Creek,2023
482,2023-07-12,2023-07-12,Tacoma,Minor,"Slip, trip, fall",Day Hiking,Trip,6am - Noon,Snoquera Palisades,2023
483,2023-07-12,2023-07-12,Tacoma,Minor,"Slip, trip, fall",Day Hiking,Trip,Noon - 6pm,Snoquera Palisades,2023
484,2023-07-13,2023-07-13,Seattle,Significant,"Slip, trip, fall",Day Hiking,Field trip,Noon - 6pm,West Fork Foss Lakes,2023
485,2023-04-29,2023-04-29,Everett,Minor,"Personal issues (conditioning, conduct, lack of skill)",Sea Kayaking,Field trip,6am - Noon,Lake Sammamish State Park,2023
486,2023-07-14,2023-07-14,Seattle,Major,"Slip, trip, fall",Naturalist,Trip,Noon - 6pm,"Mount Fremont Lookout, Berkeley Park & Skyscraper Mountain",2023
487,2023-07-16,2023-07-16,Seattle,Minor,"Personal issues (conditioning, conduct, lack of skill)",Sea Kayaking,Trip,Noon - 6pm,San Juan Islands from Anacortes,2023
488,2023-07-15,2023-07-15,Seattle,Minor,"Slip, trip, fall",Scrambling,Trip,n/a,Hibox Mountain,2023
489,2023-07-14,2023-07-14,Everett,Near Miss,"Slip, trip, fall",Climbing,Trip,Noon - 6pm,The Tooth/South Face,2023
490,2023-07-14,2023-07-14,Seattle,Major,"Slip, trip, fall",Naturalist,Trip,Noon - 6pm,"Mount Fremont Lookout, Berkeley Park & Skyscraper Mountain",2023
491,2023-07-08,2023-07-15,Tacoma,Near Miss,OTHER - Please describe in Incident Narrative.,"Youth, Climbing",Field trip,6am - Noon,Squamish,2023
492,2023-07-15,2023-07-16,Foothills,Safety Concern,OTHER - Please describe in Incident Narrative.,Backpacking,Trip,6am - Noon,Upper Dungeness River,2023
493,2023-07-15,2023-07-15,Seattle,Significant,"Slip, trip, fall",Scrambling,Trip,Noon - 6pm,Hibox Mountain,2023
494,2023-07-01,2023-07-02,Olympia,Major,"Slip, trip, fall",Climbing,Trip,6am - Noon,Silver Star Mountain/Silver Star Creek,2023
495,2023-07-15,2023-07-16,Foothills,Safety Concern,"Logistics, equipment issues, party issues",Backpacking,Trip,6am - Noon,Upper Dungeness River,2023
496,2023-07-15,2023-07-16,Foothills,Minor,"Slip, trip, fall",Climbing,Trip,6am - Noon,Mount Shuksan/Fisher Chimneys,2023
497,2023-07-14,2023-07-14,Seattle,Major,"Slip, trip, fall",Naturalist,Trip,Noon - 6pm,"Mount Fremont Lookout, Berkeley Park & Skyscraper Mountain",2023
498,2023-06-24,2023-06-25,Seattle,Near Miss,"Slip, trip, fall",Climbing,Trip,6am - Noon,Mount Daniel/Lynch Glacier,2023
499,2023-07-15,2023-07-16,Foothills,Minor,"Slip, trip, fall",Climbing,Trip,6am - Noon,Mount Shuksan/Fisher Chimneys,2023
500,2023-07-15,2023-07-16,Foothills,Significant,"Slip, trip, fall",Climbing,Trip,6am - Noon,Mount Shuksan/Fisher Chimneys,2023
501,2023-07-01,2023-07-02,Olympia,Major,"Slip, trip, fall",Climbing,Trip,6am - Noon,Silver Star Mountain/Silver Star Creek,2023
502,2023-07-21,2023-07-23,Foothills,Minor,"Slip, trip, fall",Backpacking,Field trip,n/a,Olympic Coast South: The Wildcatter Coast,2023
503,2023-07-21,2023-07-23,Seattle,Near Miss,"Hit, struck (or near miss by falling objects)",Climbing,Trip,6am - Noon,Mount Constance/South Chute,2023
504,2023-07-21,2023-07-23,Seattle,Minor,"Slip, trip, fall",Climbing,Trip,6am - Noon,Mount Constance/South Chute,2023
505,2023-07-25,2023-07-25,The Mountaineers,Near Miss,OTHER - Please describe in Incident Narrative.,Urban Adventure,Trip,6am - Noon,Mountaineers Seattle Program Center,2023
506,2023-06-24,2023-06-24,Seattle,Safety Concern,OTHER - Please describe in Incident Narrative.,Scrambling,Trip,Noon - 6pm,Third Burroughs & Skyscraper Traverse,2023
507,2023-06-12,2023-06-12,Seattle,Safety Concern,OTHER - Please describe in Incident Narrative.,Scrambling,Trip,6am - Noon,Silver Peak,2023
508,2023-07-15,2023-07-16,Everett,Near Miss,"Slip, trip, fall",Climbing,Trip,Noon - 6pm,Inspiration-McAllister-Klawatti Ice Cap Traverse,2023
509,2023-07-21,2023-07-24,Olympia,Near Miss,"Logistics, equipment issues, party issues",Climbing,Trip,Noon - 6pm,Mount Olympus/Blue Glacier,2023
510,2023-07-20,2023-07-20,Seattle,Near Miss,"Hit, struck (or near miss by falling objects)",Youth,Youth activity,6am - Noon,South Fork Skykomish River: Beckler River to Baring,2023
511,2023-07-23,2023-07-23,Tacoma,Near Miss,"Logistics, equipment issues, party issues",Climbing,Trip,Noon - 6pm,Kangaroo Temple/North Face,2023
512,2023-07-29,2023-07-29,Tacoma,Minor,OTHER - Please describe in Incident Narrative.,Scrambling,Trip,6am - Noon,The Palisades & Marcus Peak,2023
513,2023-07-28,2023-07-28,Seattle,Safety Concern,OTHER - Please describe in Incident Narrative.,Climbing,Trip,Noon - 6pm,Eldorado Peak/Inspiration Glacier,2023
514,2023-07-01,2023-07-02,Olympia,Major,"Slip, trip, fall",Climbing,Trip,6am - Noon,Silver Star Mountain/Silver Star Creek,2023
515,2023-07-30,2023-07-30,Tacoma,Significant,"Slip, trip, fall",Scrambling,Trip,Noon - 6pm,"Echo Rock, Observation Rock & Tillicum Point",2023
516,2023-07-30,2023-07-31,Foothills,Significant,"Hit, struck (or near miss by falling objects)",Scrambling,Trip,6pm - Midnight,Del Campo & Gothic Peaks,2023
517,2023-08-02,2023-08-02,Seattle,Minor,Illness,Naturalist,Trip,6am - Noon,Carkeek Park,2023
518,2023-07-29,2023-07-30,Seattle,Near Miss,"Hit, struck (or near miss by falling objects)",Climbing,Trip,Noon - 6pm,Sloan Peak/Corkscrew Route,2023
519,2023-07-24,2023-08-03,The Mountaineers,Minor,"Slip, trip, fall",Global Adventures,Trip,Noon - 6pm,Hike and Scramble in Japan's Northern Alps,2023
520,2023-08-06,2023-08-06,Tacoma,Near Miss,"Slip, trip, fall",Day Hiking,Trip,6am - Noon,Kendall Katwalk,2023
521,2023-08-09,2023-08-09,Foothills,Minor,"Slip, trip, fall",Day Hiking,Trip,6pm - Midnight,Margaret's Way,2023
522,2023-07-24,2023-08-03,The Mountaineers,Minor,"Slip, trip, fall",Global Adventures,Trip,Noon - 6pm,Hike and Scramble in Japan's Northern Alps,2023
523,2023-08-12,2023-08-12,Tacoma,Minor,OTHER - Please describe in Incident Narrative.,Day Hiking,Trip,Noon - 6pm,Arch Rock,2023
524,2023-07-24,2023-08-03,The Mountaineers,Minor,"Slip, trip, fall",Global Adventures,Trip,Noon - 6pm,Hike and Scramble in Japan's Northern Alps,2023
525,2023-08-13,2023-08-16,Foothills,Minor,"Slip, trip, fall",Backpacking,Trip,6am - Noon,Seven Lakes Basin & High Divide,2023
526,2023-08-15,2023-08-15,Seattle,Near Miss,OTHER - Please describe in Incident Narrative.,Youth,Youth activity,6am - Noon,Mountaineers Seattle Program Center,2023
527,2023-08-13,2023-08-13,Seattle,Minor,"Slip, trip, fall",Day Hiking,Field trip,Noon - 6pm,Indian Bar-Cowlitz Divide,2023
528,2023-08-20,2023-08-20,Seattle,Minor,Illness,Sailing,Lecture,Noon - 6pm,"Sporting Jenny, Port of Edmonds Marina",2023
529,2023-07-24,2023-08-03,The Mountaineers,Minor,"Slip, trip, fall",Global Adventures,Trip,Noon - 6pm,Hike and Scramble in Japan's Northern Alps,2023
530,2023-08-19,2023-08-20,Foothills,Minor,OTHER - Please describe in Incident Narrative.,Backpacking,Trip,Noon - 6pm,Goat Lake (Monte Cristo),2023
531,2023-08-19,2023-08-20,Foothills,Minor,OTHER - Please describe in Incident Narrative.,Backpacking,Trip,Noon - 6pm,Goat Lake (Monte Cristo),2023
532,2023-08-19,2023-08-20,Foothills,Minor,OTHER - Please describe in Incident Narrative.,Backpacking,Trip,Noon - 6pm,Goat Lake (Monte Cristo),2023
533,2023-08-18,2023-08-27,Foothills,Major,"Slip, trip, fall",Backpacking,Trip,6am - Noon,White Clouds Wilderness Loop,2023
534,2023-08-26,2023-08-26,Everett,Minor,"Slip, trip, fall",Climbing,Field trip,Noon - 6pm,Exit 38,2023
535,2023-08-26,2023-08-26,Tacoma,Minor,Illness,Sea Kayaking,Clinic,Noon - 6pm,Deception Pass,2023
536,2023-08-26,2023-08-26,Tacoma,Minor,"Logistics, equipment issues, party issues",Sea Kayaking,Clinic,6am - Noon,Deception Pass,2023
537,2023-08-27,2023-08-27,Tacoma,Minor,"Slip, trip, fall",Sea Kayaking,Clinic,6am - Noon,Deception Pass,2023
538,2023-08-28,2023-08-28,Tacoma,Significant,"Slip, trip, fall",Day Hiking,Trip,6am - Noon,Palisades Lakes,2023
539,2023-08-27,2023-08-27,Tacoma,Safety Concern,Illness,Sea Kayaking,Clinic,Noon - 6pm,Deception Pass,2023
540,2023-08-28,2023-08-28,Tacoma,Significant,"Slip, trip, fall",Day Hiking,Trip,6am - Noon,Palisades Lakes,2023
541,2023-08-28,2023-08-28,Tacoma,Significant,"Slip, trip, fall",Day Hiking,Trip,6am - Noon,Palisades Lakes,2023
542,2023-08-28,2023-08-28,Tacoma,Major,"Slip, trip, fall",Day Hiking,Trip,6am - Noon,Palisades Lakes,2023
543,2023-08-28,2023-08-28,Seattle,Minor,"Hit, struck (or near miss by falling objects)",Climbing,Trip,6am - Noon,Ingalls Peak/South Ridge,2023
544,2023-08-28,2023-08-28,Tacoma,Significant,"Slip, trip, fall",Day Hiking,Trip,6am - Noon,Palisades Lakes,2023
545,2023-08-18,2023-08-27,Foothills,Major,"Slip, trip, fall",Backpacking,Trip,6am - Noon,White Clouds Wilderness Loop,2023
546,2023-09-02,2023-09-02,Seattle,Minor,"Slip, trip, fall",Climbing,Trip,Noon - 6pm,The Tooth/Southwest Face,2023
547,2023-09-02,2023-09-02,Seattle,Safety Concern,"Logistics, equipment issues, party issues",Day Hiking,Field trip,Noon - 6pm,Snow & Gem Lakes (Snoqualmie),2023
548,2023-09-02,2023-09-02,Seattle,Minor,OTHER - Please describe in Incident Narrative.,Day Hiking,Field trip,Noon - 6pm,Snow & Gem Lakes (Snoqualmie),2023
549,2023-08-26,2023-08-26,Everett,Minor,"Slip, trip, fall",Climbing,Field trip,Noon - 6pm,Exit 38,2023
550,2023-09-02,2023-09-03,Kitsap,Minor,"Slip, trip, fall",Climbing,Field trip,6am - Noon,Heliotrope Ridge and Lower Coleman Glacier & Seracs,2023
551,2023-09-02,2023-09-03,Kitsap,Significant,OTHER - Please describe in Incident Narrative.,Climbing,Field trip,Noon - 6pm,Heliotrope Ridge and Lower Coleman Glacier & Seracs,2023
552,2023-09-02,2023-09-03,Kitsap,Minor,"Slip, trip, fall",Climbing,Field trip,Noon - 6pm,Heliotrope Ridge and Lower Coleman Glacier & Seracs,2023
553,2023-09-06,2023-09-06,Foothills,Safety Concern,OTHER - Please describe in Incident Narrative.,Day Hiking,Trip,6pm - Midnight,Poo Poo Point via Chirico Trail,2023
554,2023-09-09,2023-09-09,Seattle,Minor,"Slip, trip, fall",Day Hiking,Field trip,Noon - 6pm,Indian Bar-Cowlitz Divide,2023
555,2023-09-09,2023-09-10,Seattle,Near Miss,"Hit, struck (or near miss by falling objects)",Climbing,Trip,Noon - 6pm,Mount Stuart/West Ridge,2023
556,2023-09-09,2023-09-10,Seattle,Near Miss,"Hit, struck (or near miss by falling objects)",Climbing,Trip,Noon - 6pm,Mount Stuart/West Ridge,2023
557,2023-08-25,2023-09-09,The Mountaineers,Significant,Illness,"Backpacking, Global Adventures",Trip,n/a,Wind River Range,2023
558,2023-09-15,2023-09-15,Foothills,Minor,OTHER - Please describe in Incident Narrative.,Trail Running,Trip,6pm - Midnight,Cougar Mountain: Terrace Trail Trailhead,2023
559,2023-09-18,2023-09-18,Seattle,Minor,OTHER - Please describe in Incident Narrative.,Urban Walking,Trip,6am - Noon,University of Washington: Seattle Campus,2023
560,2023-09-16,2023-09-16,Everett,Minor,"Slip, trip, fall",Climbing,Trip,6am - Noon,Cathedral Rock/Southwest Face,2023
561,2023-10-01,2023-10-01,Seattle,Minor,"Slip, trip, fall",Scrambling,Trip,Noon - 6pm,Rampart Ridge & Alta Mountain,2023
562,2023-09-23,2023-10-06,The Mountaineers,Significant,"Hit, struck (or near miss by falling objects)","Global Adventures, Day Hiking",Trip,Noon - 6pm,"Dayhike and Explore Croatia’s Seacoast, Islands and Mountain Parks",2023
563,2023-09-10,2023-09-22,The Mountaineers,Minor,"Slip, trip, fall",Global Adventures,Trip,6am - Noon,Trek Slovenia's Julian and Karawanke Alps,2023
564,2023-10-08,2023-10-08,Kitsap,Minor,OTHER - Please describe in Incident Narrative.,Scrambling,Trip,Noon - 6pm,Mount Angeles,2023
565,2023-10-14,2023-10-15,Seattle,Major,"Slip, trip, fall",Bikepacking,Trip,Noon - 6pm,Whitehorse Trail,2023
566,2023-10-05,2023-10-05,Foothills,Safety Concern,OTHER - Please describe in Incident Narrative.,Day Hiking,Trip,Noon - 6pm,Mount Stuart/West Ridge,2023
567,2023-10-14,2023-10-14,Foothills,Minor,"Slip, trip, fall",Navigation,Field trip,Noon - 6pm,Raging River State Forest,2023
568,2023-10-16,2023-10-16,Seattle,Minor,"Personal issues (conditioning, conduct, lack of skill)","Climbing, Scrambling",Clinic,6pm - Midnight,Poo Poo Point via Chirico Trail,2023
569,2023-10-17,2023-10-17,Foothills,Minor,OTHER - Please describe in Incident Narrative.,Trail Running,Trip,Noon - 6pm,Saint Edward State Park,2023
570,2023-08-12,2023-08-12,Seattle,Near Miss,"Hit, struck (or near miss by falling objects)",Climbing,Trip,Noon - 6pm,Cathedral Rock/Southwest Face,2023
571,2023-11-03,2023-11-03,Seattle,Safety Concern,"Slip, trip, fall",Urban Walking,Trip,6am - Noon,Seattle Olmsted 50: Ballard Locks to Rainier Beach,2023
572,2023-11-09,2023-11-10,Seattle,Significant,"Slip, trip, fall",Bikepacking,Trip,Noon - 6pm,Goldmyer Hot Springs,2023
573,2023-11-12,2023-11-12,Foothills,Minor,"Slip, trip, fall",Day Hiking,Trip,6am - Noon,Margaret's Way,2023
574,2023-11-16,2023-11-16,Seattle,Minor,"Slip, trip, fall",Urban Walking,Field trip,Noon - 6pm,Magnuson Park,2023
575,2023-12-01,2023-12-01,Foothills,Safety Concern,"Logistics, equipment issues, party issues",Trail Running,Field trip,6pm - Midnight,Cougar Mountain: Terrace Trail Trailhead,2023
576,2023-12-02,2023-12-02,Foothills,Significant,"Slip, trip, fall",Day Hiking,Trip,6am - Noon,Mount Erie,2023
577,2023-12-19,2023-12-19,Olympia,Minor,"Hit, struck (or near miss by falling objects)",Sea Kayaking,Trip,6am - Noon,Carr Inlet,2023
578,2023-12-21,2023-12-21,Foothills,Minor,"Slip, trip, fall",Backcountry Skiing,Trip,Noon - 6pm,Crystal Mountain Ski Area,2023
579,2023-12-29,2023-12-29,Seattle,Near Miss,"Hit, struck (or near miss by falling objects)",Scrambling,Trip,Noon - 6pm,Mount Si Main Trail,2023
580,2023-12-29,2023-12-29,Seattle,Near Miss,"Hit, struck (or near miss by falling objects)",Scrambling,Trip,Noon - 6pm,Mount Si Main Trail,2023
581,2024-01-01,2024-01-01,Olympia,Safety Concern,"Slip, trip, fall","Family, Climbing",Trip,6am - Noon,Mountaineers Tacoma Program Center,2024
582,2023-12-31,2023-12-31,Everett,Minor,"Slip, trip, fall",Scrambling,Trip,Noon - 6pm,West Granite,2023
583,2023-12-10,2023-12-10,Tacoma,Minor,Illness,Sea Kayaking,Trip,Noon - 6pm,Eld Inlet,2023
584,2024-01-13,2024-01-13,Seattle,Safety Concern,OTHER - Please describe in Incident Narrative.,Navigation,Field trip,6am - Noon,Carkeek Park,2024
585,2024-01-13,2024-01-15,Seattle,Minor,"Hit, struck (or near miss by falling objects)",Climbing,Field trip,6am - Noon,Ouray Ice Park,2024
586,2024-01-20,2024-01-20,Seattle,Safety Concern,"Slip, trip, fall",Urban Walking,Field trip,6am - Noon,Deadhorse Canyon & Rainier Beach,2024
587,2024-01-20,2024-01-20,Everett,Minor,"Slip, trip, fall",Cross-country Skiing,Field trip,6am - Noon,Stevens Pass Nordic Center,2024
588,2024-01-20,2024-01-22,Foothills,Minor,OTHER - Please describe in Incident Narrative.,Cross-country Skiing,Trip,Noon - 6pm,Methow Valley Winter Trails,2024
589,2024-02-10,2024-02-10,Seattle,Minor,Boat/kayak mishap,Sea Kayaking,Trip,6am - Noon,Freshwater Bay,2024
590,2024-02-10,2024-02-11,Seattle,Near Miss,"Logistics, equipment issues, party issues",Climbing,Clinic,Noon - 6pm,Vantage (Frenchman Coulee),2024
591,2024-02-09,2024-02-11,Seattle,Major,"Slip, trip, fall",Avalanche Safety,Field trip,Noon - 6pm,Baker Lodge,2024
592,2024-02-15,2024-02-15,Seattle,Minor,"Slip, trip, fall",Urban Walking,Trip,6am - Noon,Old Seattle: Denny Hill & Historic Shoreline,2024
593,2024-02-15,2024-02-15,Seattle,Minor,"Slip, trip, fall",Urban Walking,Trip,6am - Noon,Old Seattle: Denny Hill & Historic Shoreline,2024
594,2024-02-15,2024-02-15,Seattle,Minor,"Slip, trip, fall",Urban Walking,Trip,6am - Noon,Old Seattle: Denny Hill & Historic Shoreline,2024
595,2024-02-15,2024-02-15,Seattle,Minor,"Slip, trip, fall",Urban Walking,Trip,6am - Noon,Old Seattle: Denny Hill & Historic Shoreline,2024
596,2024-02-10,2024-02-17,The Mountaineers,Major,"Slip, trip, fall","Global Adventures, Cross-country Skiing",Trip,6am - Noon,Nordic Ski in Idaho's Iconic Sun Valley,2024
597,2024-02-10,2024-02-17,The Mountaineers,Major,"Slip, trip, fall","Cross-country Skiing, Global Adventures",Trip,Noon - 6pm,Nordic Ski in Idaho's Iconic Sun Valley,2024
598,2024-02-10,2024-02-17,The Mountaineers,Minor,"Slip, trip, fall","Global Adventures, Cross-country Skiing",Trip,Noon - 6pm,Nordic Ski in Idaho's Iconic Sun Valley,2024
599,2023-09-16,2023-09-16,Foothills,Minor,"Slip, trip, fall",Climbing,Trip,6am - Noon,Leavenworth,2023
600,2024-02-29,2024-02-29,Seattle,Minor,"Hit, struck (or near miss by falling objects)",Urban Walking,Trip,6am - Noon,University of Washington: Seattle Campus,2024
601,2024-03-03,2024-03-03,Foothills,Minor,"Slip, trip, fall",Snowshoeing,Field trip,6am - Noon,Commonwealth Basin,2024
602,2024-03-06,2024-03-06,Seattle,Near Miss,"Slip, trip, fall",Scrambling,Trip,6am - Noon,Surprise Lake & Mountain,2024
603,2024-02-17,2024-02-24,The Mountaineers,Safety Concern,"Personal issues (conditioning, conduct, lack of skill)","Global Adventures, Backpacking",Trip,n/a,Backpack the Fitz Roy Massif and Huemul Circuit in Argentine Patagonia,2024
604,2024-02-17,2024-02-24,The Mountaineers,Safety Concern,OTHER - Please describe in Incident Narrative.,"Global Adventures, Backpacking",Trip,n/a,Backpack the Fitz Roy Massif and Huemul Circuit in Argentine Patagonia,2024
605,2024-07-21,2024-08-09,The Mountaineers,Significant,OTHER - Please describe in Incident Narrative.,"Backpacking, Global Adventures",Trip,Noon - 6pm,Trek Kyrgyzstan's Tian Shan and Pamir-Alay Mountains,2024
606,2024-07-21,2024-08-09,The Mountaineers,Minor,OTHER - Please describe in Incident Narrative.,"Global Adventures, Backpacking",Trip,Noon - 6pm,Trek Kyrgyzstan's Tian Shan and Pamir-Alay Mountains,2024
607,2024-03-11,2024-03-11,Foothills,Safety Concern,"Personal issues (conditioning, conduct, lack of skill)",Day Hiking,Field trip,Noon - 6pm,Cougar Mountain: Terrace Trail Trailhead,2024
608,2024-03-12,2024-03-12,Everett,Minor,"Slip, trip, fall",Day Hiking,Trip,6pm - Midnight,West Tiger Mountain No. 3 Cable Line,2024
609,2024-03-06,2024-03-06,Seattle,Significant,"Slip, trip, fall",Backpacking,Clinic,6pm - Midnight,"Dirty Harry's Peak, Balcony & East Balcony",2024
610,2024-03-15,2024-03-17,Seattle,Minor,OTHER - Please describe in Incident Narrative.,Youth,Youth activity,Noon - 6pm,Mount Erie,2024
611,2024-03-12,2024-03-12,Foothills,Minor,"Personal issues (conditioning, conduct, lack of skill)",Urban Walking,Field trip,Noon - 6pm,Bridle Trails State Park,2024
612,2024-03-24,2024-03-24,Seattle,Minor,"Personal issues (conditioning, conduct, lack of skill)",Sea Kayaking,Trip,6am - Noon,Gig Harbor Triple Cross,2024
613,2024-03-23,2024-03-23,Foothills,Minor,Illness,Trail Running,Trip,6am - Noon,Capitol Peak,2024
614,2024-03-29,2024-03-29,Tacoma,Minor,OTHER - Please describe in Incident Narrative.,Day Hiking,Trip,6am - Noon,Squak Mountain: Bullitt Fireplace Access,2024
615,2024-03-30,2024-03-30,Seattle,Minor,"Slip, trip, fall",Scrambling,Trip,Noon - 6pm,Lichtenberg Mountain,2024
616,2024-03-30,2024-03-30,Seattle,Minor,"Slip, trip, fall",Scrambling,Trip,6pm - Midnight,Sasse Mountain & Howson Peak,2024
617,2024-03-30,2024-03-30,Seattle,Minor,"Slip, trip, fall",Scrambling,Trip,6pm - Midnight,Sasse Mountain & Howson Peak,2024
618,2024-03-30,2024-03-30,Seattle,Minor,"Slip, trip, fall",Scrambling,Trip,6pm - Midnight,Sasse Mountain & Howson Peak,2024
619,2024-03-30,2024-03-30,Seattle,Near Miss,"Logistics, equipment issues, party issues",Climbing,Field trip,Noon - 6pm,Mountaineers Seattle Program Center,2024
620,2024-04-13,2024-04-13,Bellingham,Near Miss,"Hit, struck (or near miss by falling objects)",Climbing,Field trip,Noon - 6pm,Mount Erie,2024
621,2024-04-16,2024-04-16,Foothills,Minor,"Slip, trip, fall",Day Hiking,Trip,6am - Noon,Umtanum Ridge,2024
622,2024-04-13,2024-04-13,Seattle,Minor,OTHER - Please describe in Incident Narrative.,Scrambling,Field trip,Noon - 6pm,"Skyline Lake, Skyline Ridge & Tye Peak",2024
623,2024-04-17,2024-04-17,Foothills,Near Miss,"Personal issues (conditioning, conduct, lack of skill)",Climbing,Trip,6am - Noon,Leavenworth,2024
624,2024-04-20,2024-04-20,Olympia,Minor,OTHER - Please describe in Incident Narrative.,Stewardship,Trip,6am - Noon,Ocean City State Park,2024
625,2024-04-20,2024-04-20,Tacoma,Safety Concern,Boat/kayak mishap,Sea Kayaking,Field trip,n/a,Curtis Aquatic Center,2024
626,2024-04-19,2024-04-21,Seattle,Minor,"Slip, trip, fall",Day Hiking,Field trip,Noon - 6pm,University of Washington Olympic Natural Resource Center,2024
627,2024-04-20,2024-04-20,Seattle,Minor,"Slip, trip, fall",Day Hiking,Field trip,Noon - 6pm,Shi Shi Beach,2024
628,2024-04-21,2024-04-21,Kitsap,Assistance Provided,OTHER - Please describe in Incident Narrative.,Scrambling,Trip,Noon - 6pm,Mount Ellinor,2024
629,2024-04-19,2024-04-21,Seattle,Minor,"Slip, trip, fall",Day Hiking,Field trip,Noon - 6pm,University of Washington Olympic Natural Resource Center,2024
630,2024-04-27,2024-04-27,Seattle,Near Miss,OTHER - Please describe in Incident Narrative.,Climbing,Field trip,Noon - 6pm,Tieton River: Royal Columns,2024
631,2024-04-26,2024-04-28,Foothills,Minor,OTHER - Please describe in Incident Narrative.,Backpacking,Trip,6am - Noon,Chelan Lakeshore Trail,2024
632,2024-04-27,2024-04-28,Everett,Minor,"Logistics, equipment issues, party issues",Climbing,Field trip,6am - Noon,Leavenworth,2024
633,2024-04-27,2024-04-28,Everett,Minor,"Logistics, equipment issues, party issues",Scrambling,Field trip,Noon - 6pm,Baker Lodge,2024
634,2024-04-27,2024-04-27,Everett,Safety Concern,"Logistics, equipment issues, party issues",Sea Kayaking,Field trip,6am - Noon,Lake Sammamish State Park,2024
635,2024-04-26,2024-04-26,Everett,Minor,"Slip, trip, fall",Scrambling,Trip,Noon - 6pm,Mount Herman,2024
636,2024-05-04,2024-05-04,Seattle,Minor,Illness,Sea Kayaking,Clinic,Noon - 6pm,Lake Washington,2024
637,2024-05-04,2024-05-04,Seattle,Near Miss,Boat/kayak mishap,Sea Kayaking,Clinic,6am - Noon,Lake Washington,2024
638,2024-05-04,2024-05-04,Seattle,Minor,OTHER - Please describe in Incident Narrative.,Day Hiking,Trip,Noon - 6pm,Wenatchee Foothills Trails,2024
639,2024-05-04,2024-05-04,Seattle,Minor,"Slip, trip, fall",Climbing,Field trip,Noon - 6pm,Leavenworth,2024
640,2024-05-11,2024-05-11,Seattle,Significant,"Slip, trip, fall",Scrambling,Trip,Noon - 6pm,"Guye Peak, Snoqualmie Mountain & Cave Ridge (Alpental)",2024
641,2024-05-12,2024-05-12,Foothills,Major,"Slip, trip, fall",Climbing,Trip,6am - Noon,Leavenworth,2024
642,2024-05-04,2024-05-05,Bellingham,Safety Concern,OTHER - Please describe in Incident Narrative.,Climbing,Field trip,Noon - 6pm,Skaha,2024
643,2024-05-11,2024-05-11,Seattle,Minor,Illness,Day Hiking,Field trip,6am - Noon,Yakima Skyline Ridge,2024
644,2024-05-12,2024-05-12,Foothills,Major,"Slip, trip, fall",Climbing,Trip,Noon - 6pm,Leavenworth,2024
645,2024-05-11,2024-05-12,Foothills,Safety Concern,OTHER - Please describe in Incident Narrative.,Backpacking,Trip,Noon - 6pm,Dosewallips River/Abandoned National Park Road,2024
646,2024-05-15,2024-05-15,Seattle,Near Miss,"Hit, struck (or near miss by falling objects)",Climbing,Trip,Noon - 6pm,Lundin Peak/West Ridge,2024
647,2024-05-18,2024-05-19,Olympia,Minor,"Hit, struck (or near miss by falling objects)",Backpacking,Field trip,Noon - 6pm,Lake Sylvia State Park/Montesano City Forest,2024
648,2024-05-19,2024-05-19,Seattle,Minor,"Hit, struck (or near miss by falling objects)",Sailing,Field trip,Noon - 6pm,"Sporting Jenny, Port of Edmonds Marina",2024
649,2024-05-18,2024-05-19,Seattle,Minor,Boat/kayak mishap,Sea Kayaking,Field trip,6am - Noon,Lake Sammamish State Park,2024
650,2024-05-18,2024-05-19,Seattle,Minor,"Logistics, equipment issues, party issues",Sea Kayaking,Field trip,6am - Noon,Lake Sammamish State Park,2024
651,2024-05-18,2024-05-19,Olympia,Near Miss,"Hit, struck (or near miss by falling objects)",Backpacking,Field trip,Noon - 6pm,Lake Sylvia State Park/Montesano City Forest,2024
652,2024-05-18,2024-05-18,Seattle,Significant,"Slip, trip, fall",Climbing,Field trip,6am - Noon,Tieton River: Royal Columns,2024
653,2024-05-12,2024-05-12,Foothills,Major,"Slip, trip, fall",Climbing,Trip,Noon - 6pm,Leavenworth,2024
654,2024-05-25,2024-05-25,Olympia,Minor,OTHER - Please describe in Incident Narrative.,Day Hiking,Trip,6am - Noon,Lower South Fork Skokomish River,2024
655,2024-05-29,2024-05-29,Tacoma,Safety Concern,OTHER - Please describe in Incident Narrative.,Day Hiking,Field trip,Noon - 6pm,Tubal Cain Mine,2024
656,2024-06-01,2024-06-02,Seattle,Safety Concern,OTHER - Please describe in Incident Narrative.,Climbing,Field trip,6am - Noon,Sam Hill (Leavenworth),2024
657,2024-06-02,2024-06-02,Seattle,Minor,"Slip, trip, fall",Scrambling,Field trip,Noon - 6pm,Bean Creek Basin,2024
658,2024-06-02,2024-06-02,Seattle,Minor,Boat/kayak mishap,Sailing,Trip,Noon - 6pm,"Rhythm, Shilshole Bay Marina",2024
659,2024-06-01,2024-06-01,Seattle,Minor,"Hit, struck (or near miss by falling objects)",Scrambling,Field trip,6am - Noon,Iron & Teanaway Peaks,2024
660,2024-06-05,2024-06-05,Foothills,Minor,"Slip, trip, fall",Day Hiking,Trip,6pm - Midnight,Talapus Lake Trail,2024
661,2024-06-09,2024-06-09,Everett,Minor,Illness,Climbing,Trip,Midnight - 6am,Sherman Peak/Squak Glacier (Mount Baker),2024
662,2024-06-09,2024-06-09,Foothills,Significant,"Slip, trip, fall",Climbing,Field trip,Noon - 6pm,South Early Winter Spire/South Arête,2024
663,2024-06-09,2024-06-09,Foothills,Minor,"Slip, trip, fall",Climbing,Field trip,Noon - 6pm,South Early Winter Spire/South Arête,2024
664,2024-06-10,2024-06-10,Seattle,Minor,Illness,Day Hiking,Field trip,6am - Noon,Lake Stuart,2024
665,2024-03-16,2024-03-16,Seattle,Significant,"Slip, trip, fall",Scrambling,Trip,Noon - 6pm,"Songbird Peak, Machu Picchu & Greenway Mountain",2024
666,2024-06-09,2024-06-09,Foothills,Minor,"Slip, trip, fall",Climbing,Field trip,Noon - 6pm,South Early Winter Spire/South Arête,2024
667,2024-06-15,2024-06-16,Olympia,Near Miss,"Slip, trip, fall",Backpacking,Trip,6pm - Midnight,North Fork Skokomish River,2024
668,2024-06-16,2024-06-16,Foothills,Near Miss,"Slip, trip, fall",Climbing,Trip,Noon - 6pm,Vantage (Frenchman Coulee),2024
669,2024-06-15,2024-06-15,Foothills,Minor,Illness,Urban Walking,Field trip,6am - Noon,Bridle Trails State Park,2024
670,2024-06-17,2024-06-17,Seattle,Safety Concern,OTHER - Please describe in Incident Narrative.,Urban Walking,Trip,6am - Noon,Seattle Olmsted 50: Ballard Locks to Rainier Beach,2024
671,2024-06-19,2024-06-19,Foothills,Safety Concern,"Hit, struck (or near miss by falling objects)",Climbing,Trip,6am - Noon,The Tooth/South Face,2024
672,2024-06-02,2024-06-19,The Mountaineers,Significant,Illness,"Global Adventures, Day Hiking",Trip,n/a,Hike the Pembrokeshire Coast Path National Trail,2024
673,2024-06-22,2024-06-22,Seattle,Minor,"Slip, trip, fall",Climbing,Trip,Noon - 6pm,Liberty Bell/Southwest Face,2024
674,2024-06-22,2024-06-22,Kitsap,Near Miss,OTHER - Please describe in Incident Narrative.,Climbing,Trip,Noon - 6pm,Ingalls Peak/South Ridge,2024
675,2024-06-23,2024-06-23,Foothills,Minor,OTHER - Please describe in Incident Narrative.,Climbing,Trip,6am - Noon,Leavenworth,2024
676,2024-06-27,2024-06-27,Seattle,Minor,"Slip, trip, fall",Youth,Field trip,6am - Noon,Exit 38,2024
677,2024-06-28,2024-06-28,Foothills,Minor,"Personal issues (conditioning, conduct, lack of skill)",Day Hiking,Field trip,6am - Noon,Squak Mountain: May Valley Access,2024
678,2024-06-30,2024-06-30,Olympia,Safety Concern,OTHER - Please describe in Incident Narrative.,Sea Kayaking,Trip,Noon - 6pm,Columbia River: Stevenson to Drano Lake,2024
679,2024-06-28,2024-06-30,Foothills,Near Miss,"Hit, struck (or near miss by falling objects)",Backpacking,Trip,Midnight - 6am,Hoh River,2024
680,2024-07-06,2024-07-06,Olympia,Near Miss,OTHER - Please describe in Incident Narrative.,Day Hiking,Trip,Noon - 6pm,Packwood Lake,2024
681,2024-07-06,2024-07-06,Seattle,Minor,"Slip, trip, fall",Day Hiking,Field trip,Noon - 6pm,Pratt Lake Trail,2024
682,2024-07-06,2024-07-06,Seattle,Minor,"Slip, trip, fall",Day Hiking,Field trip,Noon - 6pm,Pratt Lake Trail,2024
683,2024-07-06,2024-07-06,Seattle,Minor,"Slip, trip, fall",Day Hiking,Field trip,Noon - 6pm,Pratt Lake Trail,2024
684,2024-07-06,2024-07-06,Seattle,Minor,"Slip, trip, fall",Sea Kayaking,Trip,6am - Noon,Port Gamble Bay,2024
685,2024-07-06,2024-07-06,Seattle,Minor,"Slip, trip, fall",Day Hiking,Field trip,Noon - 6pm,Pratt Lake Trail,2024
686,2024-07-06,2024-07-07,Bellingham,Near Miss,"Slip, trip, fall",Climbing,Trip,6am - Noon,Sloan Peak/Corkscrew Route,2024
687,2024-06-22,2024-06-22,Seattle,Safety Concern,"Logistics, equipment issues, party issues",Sea Kayaking,Trip,6am - Noon,Port Gamble Bay,2024
688,2024-07-06,2024-07-06,Seattle,Minor,"Slip, trip, fall",Sea Kayaking,Trip,6am - Noon,Port Gamble Bay,2024
689,2024-06-29,2024-06-30,Everett,Safety Concern,OTHER - Please describe in Incident Narrative.,Climbing,Trip,Noon - 6pm,Mount Daniel/Lynch Glacier,2024
690,2024-07-12,2024-07-12,Tacoma,Minor,"Slip, trip, fall",Scrambling,Trip,6am - Noon,"Fay Peak, Hessong Rock & Mount Pleasant",2024
691,2024-07-12,2024-07-12,Seattle,Major,OTHER - Please describe in Incident Narrative.,Naturalist,Trip,6am - Noon,Mercer Slough Nature Park,2024
692,2024-07-12,2024-07-12,Tacoma,Safety Concern,Illness,Day Hiking,Field trip,Noon - 6pm,Marmot Pass & Buckhorn Mountain,2024
693,2024-07-12,2024-07-12,Tacoma,Minor,"Slip, trip, fall",Scrambling,Trip,6am - Noon,"Fay Peak, Hessong Rock & Mount Pleasant",2024
694,2024-07-12,2024-07-12,Seattle,Major,Illness,Naturalist,Trip,6am - Noon,Mercer Slough Nature Park,2024
695,2024-07-13,2024-07-14,Everett,Near Miss,"Hit, struck (or near miss by falling objects)",Climbing,Field trip,6am - Noon,Little Tahoma/South Face,2024
696,2024-07-11,2024-07-11,Foothills,Minor,"Slip, trip, fall",Day Hiking,Trip,Noon - 6pm,"Grand Park, Scarface & Mount Fremont",2024
697,2024-07-16,2024-07-16,Foothills,Minor,"Slip, trip, fall",Trail Running,Trip,6pm - Midnight,Tiger Mountain Lowlands,2024
698,2024-07-08,2024-07-18,Seattle,Minor,"Slip, trip, fall",Youth,Youth activity,6am - Noon,Squamish,2024
699,2024-07-17,2024-07-17,Tacoma,Minor,"Slip, trip, fall",Day Hiking,Field trip,Noon - 6pm,Eunice Lake & Tolmie Peak Lookout,2024
700,2024-07-11,2024-07-11,Foothills,Safety Concern,"Personal issues (conditioning, conduct, lack of skill)",Day Hiking,Trip,Noon - 6pm,"Grand Park, Scarface & Mount Fremont",2024
701,2024-07-20,2024-07-20,Foothills,Safety Concern,OTHER - Please describe in Incident Narrative.,Stewardship,Trip,6am - Noon,Mount Pilchuck,2024
702,2024-07-20,2024-07-20,Seattle,Minor,"Slip, trip, fall",Day Hiking,Field trip,Noon - 6pm,Cramer Mountain Loop,2024
703,2024-07-21,2024-07-21,Foothills,Minor,"Personal issues (conditioning, conduct, lack of skill)",Day Hiking,Field trip,Noon - 6pm,Lime Kiln Trail,2024
704,2024-07-23,2024-07-23,Foothills,Minor,"Slip, trip, fall",Trail Running,Field trip,6pm - Midnight,Annette Lake,2024
705,2024-07-24,2024-07-24,Seattle,Minor,"Slip, trip, fall",Sailing,Trip,6pm - Midnight,"Sporting Jenny, Port of Edmonds Marina",2024
706,2024-07-24,2024-07-24,Tacoma,Major,"Slip, trip, fall",Day Hiking,Trip,Noon - 6pm,Annette Lake,2024
707,2024-07-26,2024-07-28,Seattle,Major,"Slip, trip, fall",Climbing,Trip,Noon - 6pm,Luahna Peak/Pilz Glacier,2024
708,2024-07-31,2024-07-31,Foothills,Safety Concern,"Logistics, equipment issues, party issues",Trail Running,Trip,Noon - 6pm,Rattlesnake Mountain (West),2024
709,2024-08-04,2024-08-04,Seattle,Significant,"Slip, trip, fall",Scrambling,Trip,Noon - 6pm,Mount Pilchuck/East Ridge,2024
710,2024-07-27,2024-07-29,Tacoma,Minor,OTHER - Please describe in Incident Narrative.,Youth,Field trip,Noon - 6pm,Mount Olympus/Blue Glacier,2024
711,2024-08-02,2024-08-04,Bellingham,Significant,OTHER - Please describe in Incident Narrative.,Climbing,Trip,Noon - 6pm,Primus Peak/Borealis Glacier,2024
712,2024-08-02,2024-08-04,Bellingham,Minor,OTHER - Please describe in Incident Narrative.,Climbing,Trip,Noon - 6pm,Primus Peak/Borealis Glacier,2024
713,2024-08-04,2024-08-04,Seattle,Significant,"Slip, trip, fall",Scrambling,Trip,Noon - 6pm,Mount Pilchuck/East Ridge,2024
714,2024-08-04,2024-08-04,Tacoma,Safety Concern,OTHER - Please describe in Incident Narrative.,Climbing,Trip,6am - Noon,The Tooth/South Face,2024
715,2024-08-05,2024-08-09,Seattle,Safety Concern,OTHER - Please describe in Incident Narrative.,Backpacking,Trip,n/a,"Gray Wolf, Dose Meadows Cameron Creek & Grand Pass",2024
716,2024-08-10,2024-08-10,Seattle,Minor,OTHER - Please describe in Incident Narrative.,Day Hiking,Field trip,6am - Noon,Snow & Gem Lakes (Snoqualmie),2024
717,2024-08-10,2024-08-11,Bellingham,Safety Concern,OTHER - Please describe in Incident Narrative.,Climbing,Field trip,n/a,Heliotrope Ridge and Lower Coleman Glacier & Seracs,2024
718,2024-08-10,2024-08-11,Foothills,Minor,"Slip, trip, fall",Climbing,Field trip,Noon - 6pm,Heliotrope Ridge and Lower Coleman Glacier & Seracs,2024
719,2024-08-11,2024-08-11,Seattle,Minor,"Slip, trip, fall",Day Hiking,Field trip,Noon - 6pm,Lake Stuart,2024
720,2024-08-09,2024-08-09,Seattle,Significant,OTHER - Please describe in Incident Narrative.,Youth,Youth activity,6am - Noon,Mountaineers Seattle Program Center,2024
721,2024-08-10,2024-08-10,Seattle,Minor,"Slip, trip, fall",Youth,Youth activity,6am - Noon,The Tooth/The Tooth Fairy,2024
722,2024-08-13,2024-08-13,Foothills,Minor,Illness,Day Hiking,Field trip,6am - Noon,Cougar Mountain: Jim Whittaker Wilderness Peak Trailhead,2024
723,2024-07-21,2024-08-09,The Mountaineers,Significant,Illness,"Backpacking, Global Adventures",Trip,n/a,Trek Kyrgyzstan's Tian Shan and Pamir-Alay Mountains,2024
724,2024-08-14,2024-08-14,Seattle,Significant,OTHER - Please describe in Incident Narrative.,Day Hiking,Trip,Noon - 6pm,Beckler Peak,2024
725,2024-08-12,2024-08-16,Foothills,Minor,OTHER - Please describe in Incident Narrative.,Backpacking,Trip,Noon - 6pm,"Gray Wolf, Dose Meadows Cameron Creek & Grand Pass",2024
726,2024-08-17,2024-08-17,Seattle,Significant,"Slip, trip, fall",Day Hiking,Field trip,6am - Noon,Benchmark Mountain via West Cady Ridge,2024
727,2024-08-11,2024-08-11,Olympia,Near Miss,"Hit, struck (or near miss by falling objects)",Climbing,Trip,Noon - 6pm,The Tooth/The Tooth Fairy,2024
728,2024-08-17,2024-08-17,Seattle,Near Miss,"Hit, struck (or near miss by falling objects)",Climbing,Trip,6am - Noon,Guye Peak/West Face,2024
729,2024-08-16,2024-08-16,Seattle,Minor,"Slip, trip, fall",Climbing,Trip,6am - Noon,Index Town Walls,2024
730,2024-08-11,2024-08-25,The Mountaineers,Safety Concern,Illness,"Backpacking, Global Adventures",Trip,6pm - Midnight,Trek the Swiss Alps in the Jungfrau Region,2024
731,2024-08-19,2024-08-19,Foothills,Minor,"Slip, trip, fall",Day Hiking,Field trip,6am - Noon,Bowman Bay,2024
732,2024-08-24,2024-08-24,Seattle,Safety Concern,"Slip, trip, fall",Day Hiking,Field trip,Noon - 6pm,Mount Erie,2024
733,2024-08-11,2024-08-25,The Mountaineers,Safety Concern,Illness,"Global Adventures, Backpacking",Trip,6am - Noon,Trek the Swiss Alps in the Jungfrau Region,2024
734,2024-08-25,2024-08-25,Seattle,Major,"Slip, trip, fall",Climbing,Trip,6am - Noon,South Early Winter Spire/West Face & Southwest Rib,2024
735,2024-09-01,2024-09-01,Seattle,Near Miss,"Hit, struck (or near miss by falling objects)",Climbing,Trip,Noon - 6pm,Ruth Mountain & Icy Peak Traverse,2024
736,2024-09-01,2024-09-01,Seattle,Safety Concern,OTHER - Please describe in Incident Narrative.,Day Hiking,Field trip,6am - Noon,Ptarmigan Ridge,2024
737,2024-09-01,2024-09-01,Seattle,Near Miss,"Hit, struck (or near miss by falling objects)",Climbing,Trip,Noon - 6pm,Ruth Mountain & Icy Peak Traverse,2024
738,2024-09-07,2024-09-08,Olympia,Near Miss,"Slip, trip, fall",Backpacking,Trip,6am - Noon,Duckabush River,2024
739,2024-09-08,2024-09-08,Foothills,Minor,OTHER - Please describe in Incident Narrative.,Scrambling,Trip,6am - Noon,Bald Rock,2024
740,2024-09-07,2024-09-08,Everett,Significant,"Slip, trip, fall",Climbing,Trip,6am - Noon,Mamquam Mountain,2024
741,2024-09-07,2024-09-07,Seattle,Minor,"Slip, trip, fall",Scrambling,Trip,Noon - 6pm,Mount Roosevelt & Kaleetan Peak,2024
742,2024-09-06,2024-09-06,Kitsap,Major,"Slip, trip, fall",Climbing,Trip,6am - Noon,Leavenworth,2024
743,2024-07-21,2024-07-28,Seattle,Safety Concern,OTHER - Please describe in Incident Narrative.,Backpacking,Trip,Noon - 6pm,Lamar Valley,2024
744,2024-09-04,2024-09-04,Seattle,Significant,"Slip, trip, fall",Climbing,Trip,Noon - 6pm,Sloan Peak/Corkscrew Route,2024
745,2024-09-22,2024-09-22,Foothills,Minor,"Slip, trip, fall",Scrambling,Trip,6am - Noon,"Fay Peak, Hessong Rock & Mount Pleasant",2024
746,2024-09-29,2024-09-29,Seattle,Near Miss,"Hit, struck (or near miss by falling objects)",Scrambling,Trip,6am - Noon,Kendall Katwalk,2024
747,2024-09-26,2024-09-26,Olympia,Minor,OTHER - Please describe in Incident Narrative.,Naturalist,Seminar,n/a,Online Classroom,2024
748,2024-09-30,2024-09-30,Foothills,Near Miss,OTHER - Please describe in Incident Narrative.,Day Hiking,Field trip,6pm - Midnight,Around South Tiger Mountain,2024
749,2024-10-14,2024-10-15,Foothills,Significant,"Slip, trip, fall",Backpacking,Trip,6am - Noon,Lake Ingalls,2024
750,2024-10-19,2024-10-19,Seattle,Minor,"Slip, trip, fall",Urban Walking,Trip,6am - Noon,Cedar Park & Burke-Gilman Trail,2024
751,2024-10-22,2024-10-22,Foothills,Minor,"Slip, trip, fall",Urban Walking,Trip,Noon - 6pm,Washington Park Arboretum,2024
752,2024-10-29,2024-10-29,Seattle,Assistance Provided,OTHER - Please describe in Incident Narrative.,Urban Walking,Field trip,6pm - Midnight,Downtown Edmonds,2024
753,2024-11-03,2024-11-03,Seattle,Minor,Boat/kayak mishap,Packrafting,Trip,6am - Noon,Sauk River: White Chuck River to Darrington,2024
754,2024-04-20,2024-04-20,Seattle,Near Miss,Boat/kayak mishap,Packrafting,Trip,6am - Noon,White River: Buckley to Auburn,2024
755,2024-12-17,2024-12-17,Seattle,Near Miss,Boat/kayak mishap,Sea Kayaking,Trip,Noon - 6pm,Whidbey Island West Shore,2024
756,2024-11-12,2024-11-12,Seattle,Safety Concern,OTHER - Please describe in Incident Narrative.,Urban Walking,Field trip,6am - Noon,Saint Edward State Park,2024
757,2024-12-17,2024-12-17,Seattle,Significant,"Personal issues (conditioning, conduct, lack of skill)",Urban Walking,Trip,6pm - Midnight,Seattle Olmsted Circuit: Ballard Locks to Rainier Beach to Ballard Locks,2024
758,2025-01-05,2025-01-05,Tacoma,Minor,"Slip, trip, fall",Scrambling,Trip,Noon - 6pm,"5,050 Pass from Dosewallips Road",2025
759,2025-01-04,2025-01-05,Olympia,Minor,Illness,"Snowshoeing, Backpacking",Trip,6am - Noon,Deer & Sand Lakes,2025
760,2025-01-09,2025-01-09,Foothills,Near Miss,OTHER - Please describe in Incident Narrative.,Snowshoeing,Trip,6am - Noon,Talapus Lake Trail,2025
761,2025-01-18,2025-01-18,Foothills,Major,"Slip, trip, fall",Urban Walking,Trip,6am - Noon,Juanita Bay Park,2025
762,2025-01-20,2025-01-20,Seattle,Minor,"Slip, trip, fall",Scrambling,Trip,Noon - 6pm,Higher Squire,2025
763,2025-01-21,2025-01-21,Seattle,Safety Concern,"Slip, trip, fall",Day Hiking,Trip,6am - Noon,Granite Creek Trail,2025
764,2025-01-20,2025-01-20,Seattle,Minor,"Slip, trip, fall",Scrambling,Trip,Noon - 6pm,Higher Squire,2025
765,2025-01-26,2025-01-26,Tacoma,Significant,"Slip, trip, fall",Cross-country Skiing,Field trip,6am - Noon,Erling Stordahl,2025
766,2025-01-27,2025-01-27,Foothills,Significant,"Slip, trip, fall",Day Hiking,Trip,6pm - Midnight,Wallace Falls,2025
767,2025-02-01,2025-02-01,Foothills,Significant,"Slip, trip, fall",Climbing,Clinic,6am - Noon,Mount Si Main Trail,2025
768,2025-01-26,2025-01-26,Tacoma,Significant,OTHER - Please describe in Incident Narrative.,Cross-country Skiing,Field trip,Noon - 6pm,Erling Stordahl,2025
769,2025-01-26,2025-01-26,Tacoma,Significant,"Slip, trip, fall",Cross-country Skiing,Field trip,6am - Noon,Erling Stordahl,2025
770,2025-01-25,2025-01-26,Seattle,Minor,"Slip, trip, fall",Avalanche Safety,Field trip,Noon - 6pm,Baker Lodge,2025
771,2025-02-08,2025-02-08,Tacoma,Minor,"Slip, trip, fall",Sea Kayaking,Trip,Noon - 6pm,Tacoma Narrows,2025
772,2025-02-08,2025-02-08,Tacoma,Minor,"Slip, trip, fall",Sea Kayaking,Trip,Noon - 6pm,Tacoma Narrows,2025
773,2025-02-07,2025-02-09,Everett,Significant,Illness,Avalanche Safety,Field trip,6am - Noon,Baker Lodge,2025
774,2025-02-07,2025-02-09,Everett,Minor,Illness,Avalanche Safety,Field trip,6am - Noon,Baker Lodge,2025
775,2025-02-08,2025-02-08,Seattle,Near Miss,"Slip, trip, fall",Scrambling,Trip,6am - Noon,Pratt Lake Trail,2025
776,2025-02-18,2025-02-18,Seattle,Safety Concern,OTHER - Please describe in Incident Narrative.,Urban Walking,Trip,6pm - Midnight,Seattle Central District,2025
777,2025-02-21,2025-02-21,Tacoma,Significant,"Slip, trip, fall",Snowshoeing,Trip,6am - Noon,Reflection Lakes,2025
778,2025-02-22,2025-02-22,Outdoor Centers,Near Miss,OTHER - Please describe in Incident Narrative.,Downhill Skiing & Snowboarding,Field trip,6am - Noon,Meany Lodge,2025
779,2025-02-19,2025-02-20,Seattle,Minor,"Slip, trip, fall",Youth,Youth activity,6am - Noon,"Snow Bowl Hut, High Hut & The Yurt",2025
780,2025-02-23,2025-02-23,Everett,Minor,"Slip, trip, fall",Cross-country Skiing,Field trip,6am - Noon,Cabin Creek,2025
781,2025-02-22,2025-02-22,Foothills,Minor,Illness,Trail Running,Field trip,6am - Noon,Cougar Mountain: Terrace Trail Trailhead,2025
782,2025-02-21,2025-02-21,Tacoma,Safety Concern,"Slip, trip, fall",Snowshoeing,Trip,6am - Noon,Reflection Lakes,2025
783,2025-02-22,2025-02-22,Tacoma,Minor,"Logistics, equipment issues, party issues",Sea Kayaking,Trip,6am - Noon,Snohomish River,2025
784,2025-02-28,2025-02-28,Olympia,Minor,OTHER - Please describe in Incident Narrative.,"Day Hiking, Naturalist",Trip,6am - Noon,Squaxin Park,2025
785,2025-03-01,2025-03-01,Everett,Near Miss,"Logistics, equipment issues, party issues",Climbing,Field trip,6am - Noon,Mountaineers Seattle Program Center,2025
786,2025-03-05,2025-03-05,Seattle,Minor,"Personal issues (conditioning, conduct, lack of skill)",Day Hiking,Trip,Noon - 6pm,West Tiger Mountain No. 1,2025
787,2025-02-01,2025-02-01,Foothills,Significant,"Slip, trip, fall",Climbing,Clinic,6am - Noon,Mount Si Main Trail,2025
788,2025-03-05,2025-03-05,Seattle,Minor,OTHER - Please describe in Incident Narrative.,Day Hiking,Trip,Noon - 6pm,West Tiger Mountain No. 1,2025
789,2025-03-08,2025-03-09,Tacoma,Minor,"Slip, trip, fall",Climbing,Field trip,6am - Noon,Paradise,2025
790,2025-03-15,2025-03-15,Foothills,Minor,"Slip, trip, fall",Day Hiking,Field trip,6am - Noon,"Dirty Harry's Peak, Balcony & East Balcony",2025
791,2025-03-15,2025-03-15,Outdoor Centers,Safety Concern,OTHER - Please describe in Incident Narrative.,Backcountry Skiing,Trip,Noon - 6pm,Snoqualmie Pass to Stampede Pass: The Patrol Race Traverse,2025
792,2025-03-08,2025-03-09,Bellingham,Safety Concern,"Personal issues (conditioning, conduct, lack of skill)",Climbing,Field trip,n/a,Austin Pass (winter),2025
793,2025-03-16,2025-03-16,Foothills,Safety Concern,"Slip, trip, fall",Navigation,Field trip,6am - Noon,Raging River State Forest,2025
794,2025-03-16,2025-03-16,Olympia,Minor,"Slip, trip, fall",Cross-country Skiing,Trip,6am - Noon,White Pass Nordic Center,2025
795,2025-03-04,2025-03-04,Seattle,Minor,OTHER - Please describe in Incident Narrative.,Youth,Youth activity,6am - Noon,Mountaineers Seattle Program Center,2025
796,2025-03-19,2025-03-19,Seattle,Safety Concern,OTHER - Please describe in Incident Narrative.,Climbing,Field trip,6pm - Midnight,Mountaineers Seattle Program Center,2025
797,2025-03-27,2025-03-27,Seattle,Minor,"Slip, trip, fall",Urban Walking,Trip,6am - Noon,University of Washington: Seattle Campus,2025
798,2025-03-27,2025-03-27,Seattle,Minor,"Slip, trip, fall",Urban Walking,Trip,6am - Noon,University of Washington: Seattle Campus,2025
799,2025-03-28,2025-03-28,Seattle,Minor,"Slip, trip, fall",Urban Walking,Trip,6am - Noon,Green Lake (Seattle),2025
800,2025-03-16,2025-03-16,Seattle,Major,"Slip, trip, fall",Climbing,Field trip,Noon - 6pm,Mountaineers Seattle Program Center,2025
801,2025-03-20,2025-03-30,The Mountaineers,Major,"Slip, trip, fall","Global Adventures, Bikepacking",Trip,Noon - 6pm,Bikepack the Monumental Loop in New Mexico,2025
802,2005-03-20,2005-03-20,Tacoma,Minor,"Personal issues (conditioning, conduct, lack of skill)",Scrambling,Trip,Noon - 6pm,Old Baldy Mountain,2005
803,2025-04-13,2025-04-13,Kitsap,Major,"Slip, trip, fall",Scrambling,Trip,Noon - 6pm,Camp Muir & Anvil Rock,2025
804,2025-04-12,2025-04-13,Tacoma,Significant,"Slip, trip, fall",Climbing,Field trip,Noon - 6pm,Leavenworth,2025
805,2025-04-13,2025-04-13,Olympia,Significant,"Slip, trip, fall",Scrambling,Field trip,6am - Noon,McCleary Cliffs,2025
806,2025-04-12,2025-04-13,Tacoma,Significant,"Slip, trip, fall",Climbing,Field trip,Noon - 6pm,Leavenworth,2025
807,2025-04-16,2025-04-16,Seattle,Safety Concern,"Personal issues (conditioning, conduct, lack of skill)","Climbing, Youth",Youth activity,Noon - 6pm,Mountaineers Seattle Program Center,2025
808,2025-04-12,2025-04-13,Tacoma,Major,"Slip, trip, fall",Climbing,Field trip,Noon - 6pm,Leavenworth,2025
809,2025-04-27,2025-04-27,Tacoma,Significant,"Hit, struck (or near miss by falling objects)",Climbing,Trip,6am - Noon,Chair Peak/Southeast Route,2025
810,2025-04-26,2025-04-27,Tacoma,Safety Concern,"Logistics, equipment issues, party issues",Backpacking,Field trip,6am - Noon,Kitsap Forest Theater,2025
811,2025-05-03,2025-05-03,Seattle,Minor,"Slip, trip, fall",Sea Kayaking,Trip,6am - Noon,Deception Pass,2025
812,2025-05-02,2025-05-03,Foothills,Minor,"Personal issues (conditioning, conduct, lack of skill)",Backpacking,Trip,6am - Noon,Lower South Fork Skokomish River,2025
813,2025-05-03,2025-05-03,Seattle,Safety Concern,OTHER - Please describe in Incident Narrative.,Climbing,Field trip,Noon - 6pm,Snoqualmie Summit Ski Areas,2025
814,2025-05-10,2025-05-10,Tacoma,Minor,"Slip, trip, fall",Day Hiking,Trip,Noon - 6pm,Teanaway Butte,2025
815,2025-05-10,2025-05-10,Seattle,Minor,"Slip, trip, fall",Day Hiking,Field trip,6am - Noon,Chuckanut Ridge & Mountain,2025
816,2025-05-10,2025-05-10,Seattle,Minor,"Slip, trip, fall",Day Hiking,Field trip,6am - Noon,Chuckanut Ridge & Mountain,2025
817,2025-05-10,2025-05-11,Foothills,Minor,"Slip, trip, fall",Backpacking,Field trip,6am - Noon,Middle Fork Snoqualmie River,2025
818,2025-05-10,2025-05-11,Seattle,Minor,"Slip, trip, fall",Climbing,Field trip,Noon - 6pm,Stevens Pass Ski Area,2025
819,2025-05-10,2025-05-10,Seattle,Minor,"Slip, trip, fall",Day Hiking,Field trip,6am - Noon,Chuckanut Ridge & Mountain,2025
820,2025-05-10,2025-05-11,Seattle,Near Miss,OTHER - Please describe in Incident Narrative.,Climbing,Field trip,Noon - 6pm,Leavenworth,2025
821,2025-05-13,2025-05-17,Tacoma,Significant,Illness,Climbing,Trip,Noon - 6pm,High Sierra - Mount Russell and Mount Whitney,2025
822,2025-05-17,2025-05-18,Seattle,Minor,"Personal issues (conditioning, conduct, lack of skill)",Backpacking,Field trip,n/a,Ross Dam & Big Beaver Creek,2025
823,2025-05-16,2025-05-16,Foothills,Safety Concern,"Slip, trip, fall",Day Hiking,Trip,Noon - 6pm,"Monte Cristo, Glacier Basin, Silver Lake & Twin Lakes",2025
824,2025-05-24,2025-05-24,Tacoma,Minor,"Hit, struck (or near miss by falling objects)",Climbing,Field trip,n/a,Mount Erie,2025
825,2025-05-24,2025-05-26,Seattle,Near Miss,OTHER - Please describe in Incident Narrative.,Climbing,Trip,Noon - 6pm,Mount Anderson/Eel Glacier,2025
826,2025-05-29,2025-05-29,Foothills,Minor,"Slip, trip, fall",Urban Walking,Field trip,6am - Noon,Discovery Park,2025
827,2025-06-01,2025-06-01,Seattle,Minor,"Personal issues (conditioning, conduct, lack of skill)",Day Hiking,Trip,Noon - 6pm,"Monte Cristo, Glacier Basin, Silver Lake & Twin Lakes",2025
828,2025-06-01,2025-06-01,Seattle,Safety Concern,"Personal issues (conditioning, conduct, lack of skill)",Sailing,Trip,Noon - 6pm,"Balance, Shilshole Bay Marina",2025
829,2025-06-01,2025-06-01,Seattle,Minor,Illness,Day Hiking,Trip,Noon - 6pm,"Monte Cristo, Glacier Basin, Silver Lake & Twin Lakes",2025
830,2025-05-31,2025-05-31,Seattle,Near Miss,"Slip, trip, fall",Climbing,Trip,6am - Noon,The Tooth/South Face,2025
831,2025-05-31,2025-06-01,Seattle,Minor,"Slip, trip, fall",Climbing,Field trip,6am - Noon,Leavenworth,2025
832,2025-05-31,2025-06-01,Seattle,Near Miss,"Personal issues (conditioning, conduct, lack of skill)",Climbing,Field trip,6am - Noon,Leavenworth,2025
833,2025-06-03,2025-06-03,Seattle,Safety Concern,"Slip, trip, fall",Day Hiking,Field trip,6am - Noon,Taylor River,2025
834,2025-05-31,2025-06-01,Foothills,Minor,Illness,Climbing,Field trip,6am - Noon,Leavenworth,2025
835,2025-05-31,2025-06-01,Seattle,Near Miss,"Slip, trip, fall",Climbing,Field trip,6am - Noon,Leavenworth,2025
836,2025-06-08,2025-06-08,Foothills,Minor,"Slip, trip, fall",Day Hiking,Field trip,Noon - 6pm,Lily & Lizard Lakes,2025
837,2025-06-07,2025-06-07,Seattle,Minor,"Slip, trip, fall",Scrambling,Field trip,Noon - 6pm,Bean Creek Basin,2025
838,2025-06-06,2025-06-08,Tacoma,Safety Concern,"Personal issues (conditioning, conduct, lack of skill)",Backpacking,Trip,6am - Noon,"Monte Cristo, Glacier Basin, Silver Lake & Twin Lakes",2025
839,2025-05-31,2025-05-31,Seattle,Near Miss,"Slip, trip, fall",Climbing,Trip,6am - Noon,The Tooth/South Face,2025
840,2025-06-08,2025-06-08,Kitsap,Minor,"Slip, trip, fall",Climbing,Field trip,6am - Noon,McCleary Cliffs,2025
841,2025-06-10,2025-06-10,Seattle,Minor,"Slip, trip, fall",Day Hiking,Field trip,Noon - 6pm,Pratt Lake Trail,2025
842,2025-06-10,2025-06-10,Seattle,Minor,"Slip, trip, fall",Day Hiking,Field trip,Noon - 6pm,Pratt Lake Trail,2025
843,2025-05-10,2025-05-10,Tacoma,Minor,"Logistics, equipment issues, party issues",Sea Kayaking,Trip,Noon - 6pm,Tacoma Narrows,2025
844,2025-06-14,2025-06-15,Seattle,Minor,OTHER - Please describe in Incident Narrative.,Backpacking,Field trip,6am - Noon,Ross Dam & Big Beaver Creek,2025
845,2025-06-15,2025-06-15,Seattle,Safety Concern,"Slip, trip, fall",Scrambling,Trip,Noon - 6pm,"Chutla, Eagle & Wahpenayo Peaks",2025
846,2025-06-14,2025-06-15,Foothills,Minor,OTHER - Please describe in Incident Narrative.,Backpacking,Trip,Noon - 6pm,Enchanted Valley,2025
847,2025-06-14,2025-06-14,Foothills,Safety Concern,OTHER - Please describe in Incident Narrative.,Urban Walking,Trip,Noon - 6pm,"Kent Station, Mill Creek Canyon & Scenic Hill",2025
848,2025-06-14,2025-06-14,Seattle,Near Miss,"Hit, struck (or near miss by falling objects)",Climbing,Trip,6am - Noon,Le Petit Cheval/Spontaneity Arête,2025
849,2025-06-16,2025-06-16,Seattle,Minor,"Hit, struck (or near miss by falling objects)",Scrambling,Trip,Noon - 6pm,Red Pass & Mountain (Commonwealth Basin),2025
850,2025-06-17,2025-06-17,Seattle,Significant,"Slip, trip, fall",Climbing,Trip,Noon - 6pm,The Tooth/South Face,2025
851,2025-06-17,2025-06-17,Seattle,Significant,"Slip, trip, fall",Climbing,Trip,Noon - 6pm,The Tooth/South Face,2025
852,2025-06-19,2025-06-19,Seattle,Minor,OTHER - Please describe in Incident Narrative.,Day Hiking,Field trip,6am - Noon,Lost Valley Loop,2025
853,2025-06-19,2025-06-19,Foothills,Minor,"Slip, trip, fall",Climbing,Trip,6am - Noon,Lundin Peak/West Ridge,2025
854,2025-06-19,2025-06-19,Foothills,Minor,"Slip, trip, fall",Climbing,Trip,6am - Noon,Lundin Peak/West Ridge,2025
855,2025-07-03,2025-07-03,Seattle,Minor,"Personal issues (conditioning, conduct, lack of skill)",Day Hiking,Field trip,Noon - 6pm,Colchuck Lake,2025
856,2025-05-03,2025-05-03,Seattle,Safety Concern,"Personal issues (conditioning, conduct, lack of skill)",Climbing,Field trip,6am - Noon,Snoqualmie Summit Ski Areas,2025
857,2025-07-04,2025-07-05,Olympia,Minor,"Slip, trip, fall",Climbing,Trip,Noon - 6pm,Eldorado Peak/Inspiration Glacier,2025
858,2025-07-03,2025-07-03,Seattle,Minor,Illness,Day Hiking,Field trip,Noon - 6pm,Colchuck Lake,2025
859,2025-07-05,2025-07-05,Seattle,Near Miss,Boat/kayak mishap,Sea Kayaking,Trip,Noon - 6pm,Gig Harbor Triple Cross,2025
860,2025-07-06,2025-07-08,Seattle,Minor,"Slip, trip, fall",Climbing,Trip,Noon - 6pm,Glacier Peak/Disappointment Peak Cleaver,2025
861,2025-07-08,2025-07-08,Seattle,Minor,"Slip, trip, fall",Climbing,Trip,6pm - Midnight,Exit 38,2025
862,2025-07-08,2025-07-08,Seattle,Near Miss,Illness,Day Hiking,Field trip,Noon - 6pm,Rattlesnake Mountain Grand Traverse,2025
863,2025-07-10,2025-07-10,Olympia,Near Miss,"Hit, struck (or near miss by falling objects)",Climbing,Trip,Noon - 6pm,Argonaut Peak/South Route,2025
864,2025-06-28,2025-07-08,The Mountaineers,Significant,"Hit, struck (or near miss by falling objects)",Global Adventures,Trip,6pm - Midnight,Hike the Lofoten Islands in Northern Norway,2025
865,2025-07-10,2025-07-12,Tacoma,Near Miss,OTHER - Please describe in Incident Narrative.,Climbing,Trip,6am - Noon,Mount Rainier/Emmons Glacier,2025
866,2025-07-12,2025-07-12,Seattle,Minor,Illness,Day Hiking,Field trip,Noon - 6pm,Duckabush River,2025
867,2025-07-12,2025-07-13,Kitsap,Near Miss,OTHER - Please describe in Incident Narrative.,Climbing,Trip,6am - Noon,Mount Shuksan/Sulphide Glacier,2025
868,2025-07-12,2025-07-13,Tacoma,Minor,Boat/kayak mishap,Sea Kayaking,Clinic,6am - Noon,Blake Island,2025
869,2025-07-16,2025-07-16,Seattle,Major,"Slip, trip, fall",Canyoning,Field trip,Noon - 6pm,Rachor Creek: Upper Canyon,2025
870,2025-07-14,2025-07-14,Seattle,Major,Illness,Canyoning,Field trip,Noon - 6pm,Hall Creek,2025
871,2025-06-28,2025-06-29,Tacoma,Assistance Provided,OTHER - Please describe in Incident Narrative.,Youth,Youth activity,Noon - 6pm,Striped Peak,2025
872,2025-07-19,2025-07-19,Olympia,Minor,"Slip, trip, fall",Day Hiking,Trip,6am - Noon,Lower South Fork Skokomish River,2025
873,2025-07-19,2025-07-19,Foothills,Minor,"Slip, trip, fall",Climbing,Trip,Noon - 6pm,Slippery Slab Tower/Northeast Face,2025
874,2025-07-19,2025-07-20,Bellingham,Near Miss,OTHER - Please describe in Incident Narrative.,Climbing,Field trip,Noon - 6pm,Leavenworth,2025
875,2025-07-12,2025-07-19,The Mountaineers,Near Miss,OTHER - Please describe in Incident Narrative.,Climbing,Clinic,Noon - 6pm,Squamish,2025
876,2025-07-22,2025-07-22,Olympia,Minor,"Slip, trip, fall",Day Hiking,Trip,Noon - 6pm,Wynoochee Lake,2025
877,2025-07-23,2025-07-23,Olympia,Minor,Illness,Sea Kayaking,Trip,6pm - Midnight,Boston Harbor Vicinity,2025
878,2025-07-26,2025-07-26,Seattle,Minor,OTHER - Please describe in Incident Narrative.,Day Hiking,Field trip,Noon - 6pm,Kachess–Domerie Loop,2025
879,2025-07-12,2025-07-26,The Mountaineers,Minor,"Slip, trip, fall","Day Hiking, Naturalist, Global Adventures",Trip,Noon - 6pm,Dayhike Newfoundland with a Naturalist and Culture Focus,2025
880,2025-07-26,2025-07-27,Bellingham,Minor,"Personal issues (conditioning, conduct, lack of skill)",Climbing,Trip,Noon - 6pm,Mount Daniel/Lynch Glacier,2025
881,2025-07-26,2025-07-27,Everett,Safety Concern,"Slip, trip, fall",Climbing,Trip,Noon - 6pm,Clark Mountain & Luahna Peak,2025
882,2025-07-22,2025-07-22,Seattle,Safety Concern,"Hit, struck (or near miss by falling objects)",Canyoning,Trip,Noon - 6pm,South Fork Snoqualmie River,2025
883,2025-07-26,2025-07-26,Seattle,Safety Concern,"Personal issues (conditioning, conduct, lack of skill)",Day Hiking,Field trip,Noon - 6pm,Kachess–Domerie Loop,2025
884,2025-07-26,2025-07-27,The Mountaineers,Safety Concern,OTHER - Please describe in Incident Narrative.,Climbing,Trip,6am - Noon,Squamish,2025
885,2025-07-19,2025-07-19,Olympia,Minor,"Slip, trip, fall",Day Hiking,Trip,6am - Noon,Lower South Fork Skokomish River,2025
886,2025-07-25,2025-07-25,Seattle,Major,"Slip, trip, fall",Climbing,Trip,Noon - 6pm,Eldorado Peak/Inspiration Glacier,2025
887,2025-07-27,2025-07-27,Seattle,Near Miss,OTHER - Please describe in Incident Narrative.,Climbing,Trip,Noon - 6pm,South Early Winter Spire/South Arête,2025
888,2025-08-02,2025-08-02,Foothills,Safety Concern,OTHER - Please describe in Incident Narrative.,Stewardship,Trip,6am - Noon,Shadow Lake Nature Preserve,2025
889,2025-07-26,2025-07-26,Seattle,Safety Concern,"Hit, struck (or near miss by falling objects)",Climbing,Trip,6am - Noon,Kangaroo Temple/North Face,2025
890,2025-08-03,2025-08-03,Seattle,Near Miss,"Hit, struck (or near miss by falling objects)",Scrambling,Trip,6am - Noon,"Naches, Yakima & Seymour Peaks",2025
891,2025-07-13,2025-07-24,The Mountaineers,Significant,"Slip, trip, fall",Global Adventures,Trip,Noon - 6pm,Trek Switzerland’s Via Alpina,2025
892,2025-08-05,2025-08-05,Tacoma,Safety Concern,"Hit, struck (or near miss by falling objects)",Youth,Youth activity,Noon - 6pm,Mountaineers Tacoma Program Center,2025
893,2025-08-01,2025-08-01,Seattle,Significant,OTHER - Please describe in Incident Narrative.,Youth,Youth activity,Noon - 6pm,Mountaineers Seattle Program Center,2025
894,2025-08-05,2025-08-05,Olympia,Minor,"Slip, trip, fall",Sea Kayaking,Trip,6am - Noon,Columbia River: Bonneville to Washougal,2025
895,2025-08-09,2025-08-09,Olympia,Significant,Illness,Day Hiking,Trip,6am - Noon,"Chutla, Eagle & Wahpenayo Peaks",2025
896,2025-08-09,2025-08-09,Olympia,Minor,Illness,Scrambling,Trip,6am - Noon,"Unicorn, Foss, Boundary & Stevens Peaks",2025
897,2025-08-09,2025-08-09,Foothills,Minor,Illness,Scrambling,Trip,6am - Noon,"Silver, Tinkham & Abiel Peaks",2025
898,2025-08-09,2025-08-10,Olympia,Near Miss,"Hit, struck (or near miss by falling objects)",Climbing,Trip,Noon - 6pm,Sahale Peak/Quien Sabe Glacier,2025
899,2025-08-11,2025-08-11,Seattle,Safety Concern,OTHER - Please describe in Incident Narrative.,Youth,Youth activity,Noon - 6pm,Mountaineers Seattle Program Center,2025
900,2025-08-16,2025-08-16,Seattle,Safety Concern,"Slip, trip, fall",Day Hiking,Field trip,Noon - 6pm,Kendall Katwalk,2025
901,2025-08-24,2025-08-24,Tacoma,Minor,Illness,Day Hiking,Trip,Noon - 6pm,Tatoosh Ridge,2025
902,2025-08-25,2025-08-25,Seattle,Significant,OTHER - Please describe in Incident Narrative.,Youth,Youth activity,Noon - 6pm,Mountaineers Seattle Program Center,2025
903,2025-08-09,2025-08-26,The Mountaineers,Near Miss,OTHER - Please describe in Incident Narrative.,"Global Adventures, Backpacking",Trip,Noon - 6pm,Backpack the Fjords of East Greenland,2025
904,2025-08-09,2025-08-26,The Mountaineers,Significant,"Slip, trip, fall","Backpacking, Global Adventures",Trip,Noon - 6pm,Backpack the Fjords of East Greenland,2025
905,2025-08-09,2025-08-26,The Mountaineers,Significant,"Slip, trip, fall","Global Adventures, Backpacking",Trip,Noon - 6pm,Backpack the Fjords of East Greenland,2025
906,2025-09-07,2025-09-07,Everett,Minor,OTHER - Please describe in Incident Narrative.,Climbing,Field trip,6am - Noon,Vantage (Frenchman Coulee),2025
907,2025-09-07,2025-09-07,Seattle,Safety Concern,OTHER - Please describe in Incident Narrative.,Climbing,Field trip,6am - Noon,Vantage (Frenchman Coulee),2025
908,2025-09-13,2025-09-13,Seattle,Minor,Illness,Urban Walking,Trip,Noon - 6pm,Seattle Olmsted Circuit: Ballard Locks to Rainier Beach to Ballard Locks,2025
909,2025-09-20,2025-09-20,Seattle,Near Miss,"Slip, trip, fall",Urban Walking,Trip,6am - Noon,Seattle Olmsted Circuit: Ballard Locks to Rainier Beach to Ballard Locks,2025
910,2025-09-20,2025-09-20,Everett,Minor,"Hit, struck (or near miss by falling objects)",Climbing,Trip,Noon - 6pm,The Tooth/South Face,2025
911,2025-09-20,2025-09-20,Seattle,Minor,"Slip, trip, fall",Scrambling,Trip,Noon - 6pm,"Copper Mountain, Iron Mountain & Pyramid Peak",2025
912,2025-09-21,2025-09-21,Kitsap,Safety Concern,"Logistics, equipment issues, party issues",Day Hiking,Trip,6am - Noon,Tubal Cain Mine,2025
913,2025-09-23,2025-09-23,Seattle,Safety Concern,OTHER - Please describe in Incident Narrative.,Urban Walking,Trip,6am - Noon,Seattle Olmsted Circuit: Ballard Locks to Rainier Beach to Ballard Locks,2025
914,2025-09-24,2025-09-24,Seattle,Safety Concern,OTHER - Please describe in Incident Narrative.,Sea Kayaking,Clinic,Noon - 6pm,Hobuck Beach,2025
915,2025-10-07,2025-10-07,Seattle,Minor,"Slip, trip, fall",Day Hiking,Field trip,Noon - 6pm,Granite Mountain Trail,2025
916,2025-09-24,2025-09-24,Seattle,Safety Concern,Boat/kayak mishap,Sea Kayaking,Clinic,6am - Noon,Hobuck Beach,2025
917,2025-10-06,2025-10-06,Seattle,Minor,"Slip, trip, fall",Climbing,Trip,Noon - 6pm,Liberty Bell/Southwest Face,2025
918,2025-10-11,2025-10-11,Seattle,Significant,"Slip, trip, fall",Climbing,Trip,Noon - 6pm,Tieton River: Royal Columns,2025
919,2025-10-11,2025-10-11,Seattle,Minor,"Slip, trip, fall",Climbing,Trip,Noon - 6pm,Tieton River: Royal Columns,2025
920,2025-10-13,2025-10-13,Seattle,Minor,"Slip, trip, fall",Naturalist,Trip,6am - Noon,Magnuson Park,2025
921,2025-10-13,2025-10-13,Seattle,Minor,"Slip, trip, fall",Naturalist,Trip,6am - Noon,Magnuson Park,2025
922,2025-10-17,2025-10-17,Seattle,Safety Concern,OTHER - Please describe in Incident Narrative.,Naturalist,Trip,6am - Noon,Pete & Spectacle Lakes,2025
923,2025-11-01,2025-11-01,Foothills,Minor,"Slip, trip, fall",Trail Running,Trip,6am - Noon,Taylor River,2025
924,2025-11-01,2025-11-01,Tacoma,Minor,"Slip, trip, fall",Sea Kayaking,Clinic,6am - Noon,Colvos Passage,2025
925,2025-11-01,2025-11-01,Tacoma,Assistance Provided,Boat/kayak mishap,Sea Kayaking,Clinic,Noon - 6pm,Colvos Passage,2025
926,2025-11-01,2025-11-01,Foothills,Minor,"Slip, trip, fall",Trail Running,Trip,6am - Noon,Taylor River,2025
927,2025-10-12,2025-11-03,The Mountaineers,Minor,"Slip, trip, fall",Global Adventures,Trip,6am - Noon,Trek Nepal’s Famed Khumbu on the Everest Three Passes Loop,2025
928,2025-11-08,2025-11-08,Kitsap,Significant,OTHER - Please describe in Incident Narrative.,Scrambling,Trip,Noon - 6pm,Marmot Pass & Buckhorn Mountain,2025
929,2025-11-09,2025-11-09,Seattle,Minor,"Slip, trip, fall",Day Hiking,Trip,6am - Noon,Little Si,2025
930,2025-11-28,2025-11-28,Foothills,Near Miss,"Slip, trip, fall",Day Hiking,Trip,Noon - 6pm,West Tiger Mountain 1-2-3,2025
931,2025-11-29,2025-11-29,Tacoma,Near Miss,Boat/kayak mishap,Sea Kayaking,Trip,6am - Noon,Deception Pass,2025
932,2025-11-28,2025-11-28,Foothills,Safety Concern,"Slip, trip, fall",Day Hiking,Trip,Noon - 6pm,Granite Mountain Trail,2025
933,2025-12-09,2025-12-09,Seattle,Safety Concern,"Slip, trip, fall",Day Hiking,Trip,6am - Noon,Squak Mountain: May Valley Access,2025
934,2025-12-18,2025-12-18,Foothills,Significant,Illness,"Day Hiking, Urban Walking, Cross-country Skiing, Snowshoeing",Clinic,6pm - Midnight,Seattle Waterfront & Downtown,2025
935,2025-12-30,2025-12-30,Seattle,Near Miss,OTHER - Please describe in Incident Narrative.,Backcountry Skiing,Trip,Noon - 6pm,Artist Point,2025
936,2026-01-04,2026-01-04,Tacoma,Safety Concern,OTHER - Please describe in Incident Narrative.,Sea Kayaking,Practice Session,Noon - 6pm,Curtis Aquatic Center,2026
937,2026-01-09,2026-01-09,Seattle,Significant,"Hit, struck (or near miss by falling objects)",Snowshoeing,Trip,6am - Noon,Commonwealth Basin,2026
938,2026-01-24,2026-01-24,Seattle,Minor,"Slip, trip, fall",Day Hiking,Trip,6am - Noon,West Fork Foss Lakes,2026
939,2026-01-25,2026-01-25,Foothills,Minor,"Slip, trip, fall",Day Hiking,Trip,6am - Noon,Poo Poo Point via High School Trail,2026
940,2026-01-31,2026-02-01,Everett,Near Miss,OTHER - Please describe in Incident Narrative.,Climbing,Field trip,6am - Noon,Leavenworth,2026
941,2026-01-31,2026-02-01,Everett,Near Miss,"Slip, trip, fall",Climbing,Field trip,Noon - 6pm,Leavenworth,2026
942,2026-01-24,2026-01-24,Seattle,Major,"Slip, trip, fall",Scrambling,Trip,Noon - 6pm,Red Pass & Mountain (Commonwealth Basin),2026
943,2026-01-31,2026-02-01,Everett,Minor,"Slip, trip, fall",Climbing,Field trip,6am - Noon,Leavenworth,2026
944,2026-02-07,2026-02-07,Tacoma,Significant,"Slip, trip, fall",Backcountry Skiing,Field trip,Noon - 6pm,Pinnacle Peak & The Castle (Winter),2026
945,2026-02-07,2026-02-07,Foothills,Minor,"Slip, trip, fall",Urban Walking,Trip,6am - Noon,"Kent Station, Mill Creek Canyon & Scenic Hill",2026
946,2026-02-07,2026-02-07,Foothills,Minor,"Slip, trip, fall",Urban Walking,Trip,6am - Noon,"Kent Station, Mill Creek Canyon & Scenic Hill",2026
947,2026-02-08,2026-02-08,Tacoma,Minor,"Hit, struck (or near miss by falling objects)",Sea Kayaking,Practice Session,Noon - 6pm,Curtis Aquatic Center,2026
948,2026-02-14,2026-02-14,Everett,Near Miss,OTHER - Please describe in Incident Narrative.,Climbing,Lecture,6am - Noon,Exit 38,2026
949,2026-02-07,2026-02-07,Foothills,Minor,"Slip, trip, fall",Urban Walking,Trip,6am - Noon,"Kent Station, Mill Creek Canyon & Scenic Hill",2026
950,2026-01-24,2026-01-24,Seattle,Major,"Slip, trip, fall",Scrambling,Trip,Noon - 6pm,Red Pass & Mountain (Commonwealth Basin),2026
951,2026-02-16,2026-02-16,Seattle,Near Miss,OTHER - Please describe in Incident Narrative.,Climbing,Lecture,6pm - Midnight,Mountaineers Seattle Program Center,2026
952,2026-02-22,2026-02-22,Tacoma,Safety Concern,Illness,Sea Kayaking,Trip,Noon - 6pm,Anderson Island,2026
953,2026-02-21,2026-02-22,Olympia,Minor,"Personal issues (conditioning, conduct, lack of skill)","Backpacking, Snowshoeing",Trip,6am - Noon,Deer & Sand Lakes,2026
954,2026-02-24,2026-02-24,Seattle,Minor,OTHER - Please describe in Incident Narrative.,Youth,Youth activity,6am - Noon,Mountaineers Seattle Program Center,2026
955,2026-02-27,2026-03-01,Olympia,Significant,OTHER - Please describe in Incident Narrative.,Sea Kayaking,Trip,Noon - 6pm,Hobuck Beach & Neah Bay,2026
956,2026-02-27,2026-03-01,Olympia,Minor,Boat/kayak mishap,Sea Kayaking,Trip,Noon - 6pm,Hobuck Beach & Neah Bay,2026
957,2026-02-28,2026-03-01,Seattle,Minor,Illness,Youth,Youth activity,6pm - Midnight,"Snow Bowl Hut, High Hut & The Yurt",2026
958,2026-02-27,2026-03-01,Olympia,Minor,Boat/kayak mishap,Sea Kayaking,Trip,6am - Noon,Hobuck Beach & Neah Bay,2026
959,2026-03-14,2026-03-14,Foothills,Safety Concern,"Hit, struck (or near miss by falling objects)",Day Hiking,Field trip,6am - Noon,Bridle Trails State Park,2026
960,2026-03-14,2026-03-14,Olympia,Assistance Provided,OTHER - Please describe in Incident Narrative.,Sea Kayaking,Trip,6am - Noon,Colvos Passage,2026
961,2026-03-15,2026-03-15,Everett,Minor,"Slip, trip, fall",Cross-country Skiing,Trip,6am - Noon,Cabin Creek,2026
962,2026-03-24,2026-03-24,Seattle,Safety Concern,"Slip, trip, fall",Day Hiking,Trip,6am - Noon,Wallace Falls,2026
963,2026-03-22,2026-03-22,Seattle,Safety Concern,OTHER - Please describe in Incident Narrative.,Day Hiking,Trip,Noon - 6pm,West Tiger Mountain No. 2,2026
964,2026-02-06,2026-02-06,Seattle,Minor,Boat/kayak mishap,Sea Kayaking,Trip,Noon - 6pm,Possession Sound,2026
965,2026-04-01,2026-04-01,Seattle,Minor,"Slip, trip, fall",Youth,Youth activity,Noon - 6pm,Mountaineers Seattle Program Center,2026
966,2026-04-11,2026-04-12,Seattle,Minor,OTHER - Please describe in Incident Narrative.,Climbing,Field trip,6am - Noon,Annette Lake,2026
967,2026-04-11,2026-04-11,Seattle,Near Miss,Boat/kayak mishap,Sea Kayaking,Clinic,6am - Noon,Deception Pass,2026
968,2026-04-18,2026-04-18,Foothills,Minor,"Slip, trip, fall",Day Hiking,Field trip,6am - Noon,Licorice Fern Trail,2026
969,2026-04-17,2026-04-17,Seattle,Minor,"Slip, trip, fall","Climbing, Youth",Youth activity,6am - Noon,Mountaineers Seattle Program Center,2026
970,2026-04-18,2026-04-18,Olympia,Minor,OTHER - Please describe in Incident Narrative.,Scrambling,Field trip,Noon - 6pm,Paradise,2026
971,2026-04-18,2026-04-19,Olympia,Minor,OTHER - Please describe in Incident Narrative.,Climbing,Field trip,Noon - 6pm,Vantage (Frenchman Coulee),2026
972,2026-04-15,2026-04-18,Seattle,Significant,"Slip, trip, fall",Youth,Youth activity,Noon - 6pm,Smith Rock,2026
973,2026-04-18,2026-04-19,Everett,Minor,"Slip, trip, fall",Climbing,Field trip,6am - Noon,Leavenworth,2026
974,2026-04-24,2026-04-24,Seattle,Safety Concern,"Slip, trip, fall",Day Hiking,Trip,6am - Noon,Pratt Lake Trail,2026
975,2026-04-25,2026-04-25,Olympia,Near Miss,OTHER - Please describe in Incident Narrative.,Scrambling,Field trip,Noon - 6pm,Vantage (Frenchman Coulee),2026
976,2026-04-25,2026-04-25,Seattle,Significant,OTHER - Please describe in Incident Narrative.,Scrambling,Field trip,Noon - 6pm,Stevens Pass Ski Area,2026
977,2026-04-25,2026-04-25,Foothills,Minor,"Slip, trip, fall",Day Hiking,Field trip,6am - Noon,Flaming Geyser State Park,2026
978,2026-04-25,2026-04-26,Seattle,Minor,OTHER - Please describe in Incident Narrative.,Canyoning,Field trip,6am - Noon,Mountaineers Seattle Program Center,2026
979,2026-04-26,2026-04-26,Seattle,Minor,"Slip, trip, fall",Scrambling,Trip,Noon - 6pm,Kendall Peak (winter),2026
980,2026-04-26,2026-04-26,Seattle,Minor,"Slip, trip, fall",Scrambling,Trip,Noon - 6pm,"Skyline Lake, Skyline Ridge & Tye Peak",2026
981,2025-09-13,2025-09-13,Foothills,Safety Concern,"Logistics, equipment issues, party issues",Scrambling,Trip,Noon - 6pm,Cannon Mountain/Northslope Approach,2025
982,2026-04-26,2026-04-26,Seattle,Minor,"Slip, trip, fall",Scrambling,Trip,Noon - 6pm,"Skyline Lake, Skyline Ridge & Tye Peak",2026
983,2026-04-26,2026-04-26,Seattle,Significant,"Slip, trip, fall",Scrambling,Trip,Noon - 6pm,Kendall Peak (winter),2026
984,2026-04-25,2026-04-25,Seattle,Significant,OTHER - Please describe in Incident Narrative.,Scrambling,Field trip,Noon - 6pm,Stevens Pass Ski Area,2026
985,2026-04-24,2026-04-26,Everett,Minor,"Slip, trip, fall",Climbing,Trip,6am - Noon,Whitehorse Mountain/Northwest Shoulder,2026
986,2026-04-24,2026-04-26,Everett,Minor,OTHER - Please describe in Incident Narrative.,Climbing,Trip,Noon - 6pm,Whitehorse Mountain/Northwest Shoulder,2026
987,2026-05-03,2026-05-03,Foothills,Minor,"Slip, trip, fall",Day Hiking,Field trip,Noon - 6pm,Heather Lake (Mountain Loop),2026
988,2026-05-03,2026-05-03,Everett,Minor,"Slip, trip, fall",Scrambling,Trip,Noon - 6pm,Lookout Mountain & Monogram Lake,2026
989,2026-05-02,2026-05-02,Foothills,Minor,Illness,Day Hiking,Field trip,Noon - 6pm,Ginkgo Petrified Forest,2026
990,2026-05-05,2026-05-05,Seattle,Minor,"Slip, trip, fall",Day Hiking,Field trip,Noon - 6pm,Granite Creek Trail,2026
991,2026-05-05,2026-05-05,Seattle,Minor,"Slip, trip, fall",Day Hiking,Field trip,Noon - 6pm,Granite Creek Trail,2026
992,2026-05-03,2026-05-07,Foothills,Major,"Slip, trip, fall",Backpacking,Trip,6am - Noon,Lost Coast Trail: Northern Section : California,2026
993,2026-05-09,2026-05-09,Olympia,Safety Concern,"Hit, struck (or near miss by falling objects)",Day Hiking,Trip,6am - Noon,Snoquera Falls Loop,2026
994,2026-05-09,2026-05-09,Olympia,Near Miss,"Slip, trip, fall",Day Hiking,Trip,6am - Noon,Snoquera Falls Loop,2026
995,2026-05-09,2026-05-09,Foothills,Minor,"Slip, trip, fall",Day Hiking,Field trip,6am - Noon,Squak Mountain: Bullitt Fireplace Access,2026
996,2026-05-07,2026-05-07,Seattle,Significant,Boat/kayak mishap,Sea Kayaking,Trip,6am - Noon,Noyo River (Mendocino),2026
997,2026-04-26,2026-04-26,Seattle,Minor,"Slip, trip, fall",Scrambling,Trip,Noon - 6pm,Kendall Peak (winter),2026
998,2026-05-12,2026-05-12,Seattle,Minor,"Slip, trip, fall",Day Hiking,Field trip,6am - Noon,Annette Lake,2026
999,2026-05-17,2026-05-17,Seattle,Safety Concern,OTHER - Please describe in Incident Narrative.,Day Hiking,Field trip,6am - Noon,"Dry Creek Falls, Wahclella Falls & Memaloose Hills",2026
1000,2026-05-21,2026-05-22,Foothills,Safety Concern,"Slip, trip, fall",Backpacking,Field trip,6am - Noon,Goat Lake (Monte Cristo),2026
1001,2026-05-23,2026-05-24,Seattle,Near Miss,OTHER - Please describe in Incident Narrative.,Climbing,Trip,Noon - 6pm,Mount Baker/Boulder Glacier,2026
1002,2026-05-26,2026-05-26,Seattle,Minor,Illness,Day Hiking,Field trip,6am - Noon,Ira Spring & Putrid Pete's Peak Trails,2026
1003,2026-05-26,2026-05-26,Seattle,Near Miss,"Slip, trip, fall",Day Hiking,Trip,6am - Noon,Kendall Katwalk,2026
1004,2026-05-26,2026-05-26,Seattle,Near Miss,"Slip, trip, fall",Day Hiking,Trip,Noon - 6pm,Kendall Katwalk,2026
1005,2026-05-30,2026-05-31,Kitsap,Minor,"Slip, trip, fall",Climbing,Trip,Noon - 6pm,Mount Shuksan/Sulphide Glacier,2026
1006,2026-05-31,2026-05-31,Seattle,Minor,"Hit, struck (or near miss by falling objects)",Climbing,Trip,Noon - 6pm,The Tooth/South Face,2026
1007,2026-05-31,2026-05-31,Seattle,Significant,"Hit, struck (or near miss by falling objects)",Climbing,Trip,Noon - 6pm,The Tooth/South Face,2026
1008,2026-06-02,2026-06-02,Seattle,Minor,"Slip, trip, fall",Day Hiking,Field trip,6am - Noon,Pratt Lake Trail,2026
1009,2026-06-02,2026-06-02,Tacoma,Near Miss,OTHER - Please describe in Incident Narrative.,Climbing,Trip,Noon - 6pm,Exit 38,2026
1010,2026-06-02,2026-06-02,Tacoma,Near Miss,"Slip, trip, fall",Climbing,Trip,6pm - Midnight,Exit 38,2026
1011,2026-06-02,2026-06-03,Seattle,Minor,"Hit, struck (or near miss by falling objects)",Climbing,Trip,6am - Noon,Mount Daniel/Lynch Glacier,2026
1012,2026-05-30,2026-05-31,Kitsap,Minor,OTHER - Please describe in Incident Narrative.,Climbing,Trip,Midnight - 6am,Mount Shuksan/Sulphide Glacier,2026
1013,2026-06-08,2026-06-08,Tacoma,Near Miss,Boat/kayak mishap,Sea Kayaking,Clinic,Noon - 6pm,Deception Pass,2026
1014,2026-06-08,2026-06-08,Tacoma,Near Miss,Boat/kayak mishap,Sea Kayaking,Clinic,6am - Noon,Deception Pass,2026
1015,2026-06-08,2026-06-08,Tacoma,Near Miss,Boat/kayak mishap,Sea Kayaking,Clinic,6am - Noon,Deception Pass,2026
1016,2026-06-08,2026-06-08,Tacoma,Safety Concern,Boat/kayak mishap,Sea Kayaking,Clinic,Noon - 6pm,Deception Pass,2026
1017,2026-06-08,2026-06-08,Tacoma,Near Miss,"Personal issues (conditioning, conduct, lack of skill)",Sea Kayaking,Clinic,6am - Noon,Deception Pass,2026
1018,2026-05-27,2026-05-27,Seattle,Safety Concern,OTHER - Please describe in Incident Narrative.,Climbing,Field trip,n/a,Mountaineers Seattle Program Center,2026
1019,2026-06-18,2026-06-18,Seattle,Significant,"Slip, trip, fall",Scrambling,Trip,6pm - Midnight,Little Si,2026
1020,2026-06-20,2026-06-20,Foothills,Minor,"Slip, trip, fall",Day Hiking,Field trip,6am - Noon,Lake 22,2026
1021,2026-06-21,2026-06-21,Olympia,Minor,"Slip, trip, fall",Day Hiking,Trip,6am - Noon,Packwood Lake,2026
1022,2026-06-20,2026-06-21,Seattle,Near Miss,"Hit, struck (or near miss by falling objects)",Climbing,Trip,6am - Noon,Mount Shuksan/Sulphide Glacier,2026
1023,2026-06-23,2026-06-23,Seattle,Minor,"Slip, trip, fall",Day Hiking,Trip,Midnight - 6am,Pacific Crest Trail: Snoqualmie Pass to Windy Pass,2026
1024,2026-06-27,2026-06-27,Foothills,Minor,"Slip, trip, fall",Day Hiking,Field trip,6am - Noon,Bridal Veil Falls,2026
1025,2026-06-26,2026-06-28,Everett,Minor,"Slip, trip, fall",Climbing,Field trip,6am - Noon,Squamish,2026
1026,2026-06-30,2026-06-30,Seattle,Minor,"Slip, trip, fall",Day Hiking,Field trip,6am - Noon,Pacific Crest Trail: Snoqualmie Pass to Windy Pass,2026
1027,2026-05-30,2026-05-30,Seattle,Minor,OTHER - Please describe in Incident Narrative.,Scrambling,Field trip,6am - Noon,Hawkins Mountain,2026
1028,2026-06-28,2026-06-28,Seattle,Minor,"Slip, trip, fall",Climbing,Trip,Noon - 6pm,Snow Creek Wall,2026
1029,2026-07-01,2026-07-01,Seattle,Minor,"Slip, trip, fall",Climbing,Trip,Noon - 6pm,South Early Winter Spire/South Arête,2026
1030,2026-07-04,2026-07-04,Tacoma,Significant,"Slip, trip, fall",Scrambling,Trip,Noon - 6pm,"Chutla, Eagle & Wahpenayo Peaks",2026
1031,2026-07-03,2026-07-04,Tacoma,Minor,Illness,Climbing,Trip,Noon - 6pm,Mount Daniel/Lynch Glacier,2026
1032,2026-07-06,2026-07-06,Seattle,Minor,OTHER - Please describe in Incident Narrative.,Youth,Youth activity,Noon - 6pm,Mountaineers Seattle Program Center,2026
1033,2026-07-08,2026-07-08,Seattle,Minor,"Slip, trip, fall",Youth,Youth activity,6am - Noon,Mountaineers Seattle Program Center,2026
1034,2026-07-07,2026-07-10,Tacoma,Minor,"Slip, trip, fall",Backpacking,Trip,Noon - 6pm,"Coldwater Peak, Harry's Ridge & Pumice Plain",2026
1035,2026-07-14,2026-07-14,Tacoma,Minor,"Slip, trip, fall",Climbing,Trip,Noon - 6pm,The Tooth/South Face,2026
1036,2026-07-14,2026-07-14,Tacoma,Safety Concern,"Personal issues (conditioning, conduct, lack of skill)",Climbing,Trip,Noon - 6pm,The Tooth/South Face,2026
1037,2026-07-18,2026-07-18,Seattle,Minor,Illness,Naturalist,Trip,Noon - 6pm,Frog Mountain,2026
1038,2026-07-18,2026-07-18,Seattle,Safety Concern,OTHER - Please describe in Incident Narrative.,Climbing,Trip,6am - Noon,Sahale Peak/Quien Sabe Glacier,2026
1039,2026-07-22,2026-07-22,Tacoma,Minor,"Hit, struck (or near miss by falling objects)",Climbing,Trip,6am - Noon,Sahale Peak/South Slope,2026
1040,2026-07-06,2026-07-07,Tacoma,Minor,Illness,Climbing,Field trip,6pm - Midnight,Ingalls Peak/South Ridge,2026
1041,2026-07-10,2026-07-10,Tacoma,Significant,"Slip, trip, fall",Youth,Youth activity,Noon - 6pm,Point Defiance Park,2026
1042,2026-07-23,2026-07-23,Foothills,Minor,"Slip, trip, fall",Day Hiking,Field trip,6am - Noon,Lord Hill Regional Park,2026
1043,2026-07-23,2026-07-23,Foothills,Minor,Illness,Day Hiking,Field trip,6am - Noon,Lord Hill Regional Park,2026
1044,2026-07-25,2026-07-26,Seattle,Minor,"Slip, trip, fall",Backpacking,Trip,Noon - 6pm,Lower South Fork Skokomish River,2026
1045,2026-07-25,2026-07-25,Everett,Significant,Illness,Scrambling,Trip,Midnight - 6am,Mount Daniel,2026
1046,2026-07-24,2026-07-24,Seattle,Minor,"Slip, trip, fall",Day Hiking,Field trip,Noon - 6pm,Summerland & Panhandle Gap,2026
1047,2026-07-21,2026-07-24,Tacoma,Safety Concern,OTHER - Please describe in Incident Narrative.,Youth,Youth activity,6am - Noon,Flying Horseshoe Ranch,2026
1048,2026-07-26,2026-07-26,Seattle,Major,"Slip, trip, fall",Day Hiking,Field trip,Noon - 6pm,Melakwa Lake,2026
1049,2026-07-30,2026-07-30,Foothills,Minor,"Slip, trip, fall",Day Hiking,Field trip,Noon - 6pm,Northwest Timber Trail,2026
1050,2026-07-31,2026-07-31,Seattle,Minor,"Slip, trip, fall",Day Hiking,Field trip,6am - Noon,Middle Fork Snoqualmie River,2026
1051,2026-08-06,2026-08-06,Seattle,Safety Concern,OTHER - Please describe in Incident Narrative.,Day Hiking,Field trip,n/a,Scott Paul Trail & Park Butte,2026
1052,2026-03-28,2026-03-28,Seattle,Near Miss,OTHER - Please describe in Incident Narrative.,Climbing,Clinic,Noon - 6pm,Tieton River: Royal Columns,2026
1053,2026-08-11,2026-08-11,Seattle,Minor,"Slip, trip, fall",Day Hiking,Field trip,Noon - 6pm,Pratt Lake Trail,2026
1054,2026-08-16,2026-08-16,Olympia,Near Miss,"Hit, struck (or near miss by falling objects)",Scrambling,Trip,Noon - 6pm,Bryant & Hemlock Peaks,2026
1055,2026-07-21,2026-07-24,Tacoma,Safety Concern,"Personal issues (conditioning, conduct, lack of skill)",Youth,Youth activity,6pm - Midnight,Flying Horseshoe Ranch,2026
1056,2026-08-22,2026-08-22,Everett,Minor,"Slip, trip, fall",Scrambling,Trip,Noon - 6pm,Surprise Lake & Mountain,2026
1057,2026-08-23,2026-08-23,Everett,Near Miss,"Hit, struck (or near miss by falling objects)",Scrambling,Trip,Noon - 6pm,"Unicorn, Foss, Boundary & Stevens Peaks",2026
1058,2026-08-23,2026-08-23,Everett,Significant,OTHER - Please describe in Incident Narrative.,Scrambling,Trip,Noon - 6pm,"Unicorn, Foss, Boundary & Stevens Peaks",2026
1059,2026-08-22,2026-08-22,Kitsap,Minor,"Hit, struck (or near miss by falling objects)",Climbing,Trip,6am - Noon,Pinto Rock/Bowling Alley,2026
1060,2026-08-23,2026-08-23,Everett,Significant,"Slip, trip, fall",Scrambling,Trip,Noon - 6pm,"Unicorn, Foss, Boundary & Stevens Peaks",2026
1061,2026-08-23,2026-08-23,Everett,Minor,"Slip, trip, fall",Scrambling,Trip,Noon - 6pm,"Unicorn, Foss, Boundary & Stevens Peaks",2026
1062,2026-08-29,2026-08-29,Outdoor Centers,Minor,OTHER - Please describe in Incident Narrative.,Stewardship,Trip,Noon - 6pm,Meany Lodge,2026
1063,2026-08-29,2026-08-29,Everett,Minor,"Slip, trip, fall",Scrambling,Trip,Noon - 6pm,Edwards Mesa-Enchantments Traverse,2026
1064,2026-08-29,2026-08-29,Seattle,Significant,"Slip, trip, fall",Day Hiking,Field trip,Noon - 6pm,Melakwa Lake,2026
1065,2026-09-05,2026-09-05,Foothills,Safety Concern,OTHER - Please describe in Incident Narrative.,Stewardship,Trip,Noon - 6pm,Shadow Lake Nature Preserve,2026
1066,2026-09-07,2026-09-07,Foothills,Minor,OTHER - Please describe in Incident Narrative.,Day Hiking,Field trip,Noon - 6pm,Lena Lake,2026
1067,2026-09-07,2026-09-07,Seattle,Minor,"Slip, trip, fall",Climbing,Trip,6am - Noon,South Early Winter Spire/South Arête,2026
1068,2026-09-12,2026-09-12,Everett,Minor,"Hit, struck (or near miss by falling objects)",Climbing,Field trip,6am - Noon,Exit 38,2026
1069,2026-09-11,2026-09-11,Tacoma,Significant,OTHER - Please describe in Incident Narrative.,Sea Kayaking,Seminar,6am - Noon,Hobuck Beach,2026
1070,2026-09-13,2026-09-13,Tacoma,Near Miss,OTHER - Please describe in Incident Narrative.,Sea Kayaking,Trip,Noon - 6pm,Olympic Coast,2026
1071,2026-09-13,2026-09-13,Tacoma,Near Miss,Boat/kayak mishap,Sea Kayaking,Trip,Noon - 6pm,Olympic Coast,2026
1072,2026-09-13,2026-09-13,Tacoma,Near Miss,OTHER - Please describe in Incident Narrative.,Sea Kayaking,Trip,Noon - 6pm,Olympic Coast,2026
1073,2026-09-17,2026-09-17,Seattle,Minor,Illness,Day Hiking,Trip,Noon - 6pm,Mount Pilchuck,2026
1074,2026-09-13,2026-09-13,Tacoma,Near Miss,Boat/kayak mishap,Sea Kayaking,Trip,Noon - 6pm,Olympic Coast,2026
1075,2026-09-19,2026-09-20,Tacoma,Minor,"Slip, trip, fall",Backpacking,Trip,6am - Noon,"Dewey Lake, Naches Peak Loop & Pacific Crest Trail",2026
